Error in loop: '<' not supported between instances of 'NoneType' and 'float'
Traceback (most recent call last):
  File "/Users/madhavsamalla/Desktop/Road-Raksha/ai_server/main.py", line 254, in generate_frames
    if label == 'Accident' and getattr(track, 'det_conf', 0) < ALERT_THRESHOLD:
TypeError: '<' not supported between instances of 'NoneType' and 'float'

Error in loop: '<' not supported between instances of 'NoneType' and 'float'
Traceback (most recent call last):
  File "/Users/madhavsamalla/Desktop/Road-Raksha/ai_server/main.py", line 254, in generate_frames
    if label == 'Accident' and getattr(track, 'det_conf', 0) < ALERT_THRESHOLD:
TypeError: '<' not supported between instances of 'NoneType' and 'float'

Error in loop: '<' not supported between instances of 'NoneType' and 'float'
Traceback (most recent call last):
  File "/Users/madhavsamalla/Desktop/Road-Raksha/ai_server/main.py", line 254, in generate_frames
    if label == 'Accident' and getattr(track, 'det_conf', 0) < ALERT_THRESHOLD:
TypeError: '<' not supported between instances of 'NoneType' and 'float'

Error in loop: '<' not supported between instances of 'NoneType' and 'float'
Traceback (most recent call last):
  File "/Users/madhavsamalla/Desktop/Road-Raksha/ai_server/main.py", line 254, in generate_frames
    if label == 'Accident' and getattr(track, 'det_conf', 0) < ALERT_THRESHOLD:
TypeError: '<' not supported between instances of 'NoneType' and 'float'

Error in loop: '<' not supported between instances of 'NoneType' and 'float'
Traceback (most recent call last):
  File "/Users/madhavsamalla/Desktop/Road-Raksha/ai_server/main.py", line 254, in generate_frames
    if label == 'Accident' and getattr(track, 'det_conf', 0) < ALERT_THRESHOLD:
TypeError: '<' not supported between instances of 'NoneType' and 'float'

Error in loop: '<' not supported between instances of 'NoneType' and 'float'
Traceback (most recent call last):
  File "/Users/madhavsamalla/Desktop/Road-Raksha/ai_server/main.py", line 254, in generate_frames
    if label == 'Accident' and getattr(track, 'det_conf', 0) < ALERT_THRESHOLD:
TypeError: '<' not supported between instances of 'NoneType' and 'float'

Error in loop: '<' not supported between instances of 'NoneType' and 'float'
Traceback (most recent call last):
  File "/Users/madhavsamalla/Desktop/Road-Raksha/ai_server/main.py", line 254, in generate_frames
    if label == 'Accident' and getattr(track, 'det_conf', 0) < ALERT_THRESHOLD:
TypeError: '<' not supported between instances of 'NoneType' and 'float'

Error in loop: '<' not supported between instances of 'NoneType' and 'float'
Traceback (most recent call last):
  File "/Users/madhavsamalla/Desktop/Road-Raksha/ai_server/main.py", line 254, in generate_frames
    if label == 'Accident' and getattr(track, 'det_conf', 0) < ALERT_THRESHOLD:
TypeError: '<' not supported between instances of 'NoneType' and 'float'

Error in loop: '<' not supported between instances of 'NoneType' and 'float'
Traceback (most recent call last):
  File "/Users/madhavsamalla/Desktop/Road-Raksha/ai_server/main.py", line 254, in generate_frames
    if label == 'Accident' and getattr(track, 'det_conf', 0) < ALERT_THRESHOLD:
TypeError: '<' not supported between instances of 'NoneType' and 'float'

Error in loop: '<' not supported between instances of 'NoneType' and 'float'
Traceback (most recent call last):
  File "/Users/madhavsamalla/Desktop/Road-Raksha/ai_server/main.py", line 254, in generate_frames
    if label == 'Accident' and getattr(track, 'det_conf', 0) < ALERT_THRESHOLD:
TypeError: '<' not supported between instances of 'NoneType' and 'float'

Error in loop: '<' not supported between instances of 'NoneType' and 'float'
Traceback (most recent call last):
  File "/Users/madhavsamalla/Desktop/Road-Raksha/ai_server/main.py", line 254, in generate_frames
    if label == 'Accident' and getattr(track, 'det_conf', 0) < ALERT_THRESHOLD:
TypeError: '<' not supported between instances of 'NoneType' and 'float'

Error in loop: '<' not supported between instances of 'NoneType' and 'float'
Traceback (most recent call last):
  File "/Users/madhavsamalla/Desktop/Road-Raksha/ai_server/main.py", line 254, in generate_frames
    if label == 'Accident' and getattr(track, 'det_conf', 0) < ALERT_THRESHOLD:
TypeError: '<' not supported between instances of 'NoneType' and 'float'

Error in loop: '<' not supported between instances of 'NoneType' and 'float'
Traceback (most recent call last):
  File "/Users/madhavsamalla/Desktop/Road-Raksha/ai_server/main.py", line 254, in generate_frames
    if label == 'Accident' and getattr(track, 'det_conf', 0) < ALERT_THRESHOLD:
TypeError: '<' not supported between instances of 'NoneType' and 'float'

Error in loop: '<' not supported between instances of 'NoneType' and 'float'
Traceback (most recent call last):
  File "/Users/madhavsamalla/Desktop/Road-Raksha/ai_server/main.py", line 254, in generate_frames
    if label == 'Accident' and getattr(track, 'det_conf', 0) < ALERT_THRESHOLD:
TypeError: '<' not supported between instances of 'NoneType' and 'float'

Error in loop: '<' not supported between instances of 'NoneType' and 'float'
Traceback (most recent call last):
  File "/Users/madhavsamalla/Desktop/Road-Raksha/ai_server/main.py", line 254, in generate_frames
    if label == 'Accident' and getattr(track, 'det_conf', 0) < ALERT_THRESHOLD:
TypeError: '<' not supported between instances of 'NoneType' and 'float'

Error in loop: '<' not supported between instances of 'NoneType' and 'float'
Traceback (most recent call last):
  File "/Users/madhavsamalla/Desktop/Road-Raksha/ai_server/main.py", line 254, in generate_frames
    if label == 'Accident' and getattr(track, 'det_conf', 0) < ALERT_THRESHOLD:
TypeError: '<' not supported between instances of 'NoneType' and 'float'

Error in loop: '<' not supported between instances of 'NoneType' and 'float'
Traceback (most recent call last):
  File "/Users/madhavsamalla/Desktop/Road-Raksha/ai_server/main.py", line 254, in generate_frames
    if label == 'Accident' and getattr(track, 'det_conf', 0) < ALERT_THRESHOLD:
TypeError: '<' not supported between instances of 'NoneType' and 'float'

Error in loop: '<' not supported between instances of 'NoneType' and 'float'
Traceback (most recent call last):
  File "/Users/madhavsamalla/Desktop/Road-Raksha/ai_server/main.py", line 254, in generate_frames
    if label == 'Accident' and getattr(track, 'det_conf', 0) < ALERT_THRESHOLD:
TypeError: '<' not supported between instances of 'NoneType' and 'float'

Error in loop: '<' not supported between instances of 'NoneType' and 'float'
Traceback (most recent call last):
  File "/Users/madhavsamalla/Desktop/Road-Raksha/ai_server/main.py", line 254, in generate_frames
    if label == 'Accident' and getattr(track, 'det_conf', 0) < ALERT_THRESHOLD:
TypeError: '<' not supported between instances of 'NoneType' and 'float'

Error in loop: '<' not supported between instances of 'NoneType' and 'float'
Traceback (most recent call last):
  File "/Users/madhavsamalla/Desktop/Road-Raksha/ai_server/main.py", line 254, in generate_frames
    if label == 'Accident' and getattr(track, 'det_conf', 0) < ALERT_THRESHOLD:
TypeError: '<' not supported between instances of 'NoneType' and 'float'

Error in loop: '<' not supported between instances of 'NoneType' and 'float'
Traceback (most recent call last):
  File "/Users/madhavsamalla/Desktop/Road-Raksha/ai_server/main.py", line 254, in generate_frames
    if label == 'Accident' and getattr(track, 'det_conf', 0) < ALERT_THRESHOLD:
TypeError: '<' not supported between instances of 'NoneType' and 'float'

Error in loop: '<' not supported between instances of 'NoneType' and 'float'
Traceback (most recent call last):
  File "/Users/madhavsamalla/Desktop/Road-Raksha/ai_server/main.py", line 254, in generate_frames
    if label == 'Accident' and getattr(track, 'det_conf', 0) < ALERT_THRESHOLD:
TypeError: '<' not supported between instances of 'NoneType' and 'float'

Error in loop: '<' not supported between instances of 'NoneType' and 'float'
Traceback (most recent call last):
  File "/Users/madhavsamalla/Desktop/Road-Raksha/ai_server/main.py", line 254, in generate_frames
    if label == 'Accident' and getattr(track, 'det_conf', 0) < ALERT_THRESHOLD:
TypeError: '<' not supported between instances of 'NoneType' and 'float'

Error in loop: '<' not supported between instances of 'NoneType' and 'float'
Traceback (most recent call last):
  File "/Users/madhavsamalla/Desktop/Road-Raksha/ai_server/main.py", line 254, in generate_frames
    if label == 'Accident' and getattr(track, 'det_conf', 0) < ALERT_THRESHOLD:
TypeError: '<' not supported between instances of 'NoneType' and 'float'

Error in loop: '<' not supported between instances of 'NoneType' and 'float'
Traceback (most recent call last):
  File "/Users/madhavsamalla/Desktop/Road-Raksha/ai_server/main.py", line 254, in generate_frames
    if label == 'Accident' and getattr(track, 'det_conf', 0) < ALERT_THRESHOLD:
TypeError: '<' not supported between instances of 'NoneType' and 'float'

Error in loop: '<' not supported between instances of 'NoneType' and 'float'
Traceback (most recent call last):
  File "/Users/madhavsamalla/Desktop/Road-Raksha/ai_server/main.py", line 254, in generate_frames
    if label == 'Accident' and getattr(track, 'det_conf', 0) < ALERT_THRESHOLD:
TypeError: '<' not supported between instances of 'NoneType' and 'float'

Error in loop: '<' not supported between instances of 'NoneType' and 'float'
Traceback (most recent call last):
  File "/Users/madhavsamalla/Desktop/Road-Raksha/ai_server/main.py", line 254, in generate_frames
    if label == 'Accident' and getattr(track, 'det_conf', 0) < ALERT_THRESHOLD:
TypeError: '<' not supported between instances of 'NoneType' and 'float'

Error in loop: '<' not supported between instances of 'NoneType' and 'float'
Traceback (most recent call last):
  File "/Users/madhavsamalla/Desktop/Road-Raksha/ai_server/main.py", line 254, in generate_frames
    if label == 'Accident' and getattr(track, 'det_conf', 0) < ALERT_THRESHOLD:
TypeError: '<' not supported between instances of 'NoneType' and 'float'

Error in loop: '<' not supported between instances of 'NoneType' and 'float'
Traceback (most recent call last):
  File "/Users/madhavsamalla/Desktop/Road-Raksha/ai_server/main.py", line 254, in generate_frames
    if label == 'Accident' and getattr(track, 'det_conf', 0) < ALERT_THRESHOLD:
TypeError: '<' not supported between instances of 'NoneType' and 'float'

Error in loop: '<' not supported between instances of 'NoneType' and 'float'
Traceback (most recent call last):
  File "/Users/madhavsamalla/Desktop/Road-Raksha/ai_server/main.py", line 254, in generate_frames
    if label == 'Accident' and getattr(track, 'det_conf', 0) < ALERT_THRESHOLD:
TypeError: '<' not supported between instances of 'NoneType' and 'float'

Error in loop: '<' not supported between instances of 'NoneType' and 'float'
Traceback (most recent call last):
  File "/Users/madhavsamalla/Desktop/Road-Raksha/ai_server/main.py", line 254, in generate_frames
    if label == 'Accident' and getattr(track, 'det_conf', 0) < ALERT_THRESHOLD:
TypeError: '<' not supported between instances of 'NoneType' and 'float'

Error in loop: '<' not supported between instances of 'NoneType' and 'float'
Traceback (most recent call last):
  File "/Users/madhavsamalla/Desktop/Road-Raksha/ai_server/main.py", line 254, in generate_frames
    if label == 'Accident' and getattr(track, 'det_conf', 0) < ALERT_THRESHOLD:
TypeError: '<' not supported between instances of 'NoneType' and 'float'

Error in loop: '<' not supported between instances of 'NoneType' and 'float'
Traceback (most recent call last):
  File "/Users/madhavsamalla/Desktop/Road-Raksha/ai_server/main.py", line 254, in generate_frames
    if label == 'Accident' and getattr(track, 'det_conf', 0) < ALERT_THRESHOLD:
TypeError: '<' not supported between instances of 'NoneType' and 'float'

Error in loop: '<' not supported between instances of 'NoneType' and 'float'
Traceback (most recent call last):
  File "/Users/madhavsamalla/Desktop/Road-Raksha/ai_server/main.py", line 254, in generate_frames
    if label == 'Accident' and getattr(track, 'det_conf', 0) < ALERT_THRESHOLD:
TypeError: '<' not supported between instances of 'NoneType' and 'float'

Error in loop: '<' not supported between instances of 'NoneType' and 'float'
Traceback (most recent call last):
  File "/Users/madhavsamalla/Desktop/Road-Raksha/ai_server/main.py", line 254, in generate_frames
    if label == 'Accident' and getattr(track, 'det_conf', 0) < ALERT_THRESHOLD:
TypeError: '<' not supported between instances of 'NoneType' and 'float'

Error in loop: '<' not supported between instances of 'NoneType' and 'float'
Traceback (most recent call last):
  File "/Users/madhavsamalla/Desktop/Road-Raksha/ai_server/main.py", line 254, in generate_frames
    if label == 'Accident' and getattr(track, 'det_conf', 0) < ALERT_THRESHOLD:
TypeError: '<' not supported between instances of 'NoneType' and 'float'

Error in loop: '<' not supported between instances of 'NoneType' and 'float'
Traceback (most recent call last):
  File "/Users/madhavsamalla/Desktop/Road-Raksha/ai_server/main.py", line 254, in generate_frames
    if label == 'Accident' and getattr(track, 'det_conf', 0) < ALERT_THRESHOLD:
TypeError: '<' not supported between instances of 'NoneType' and 'float'

Error in loop: '<' not supported between instances of 'NoneType' and 'float'
Traceback (most recent call last):
  File "/Users/madhavsamalla/Desktop/Road-Raksha/ai_server/main.py", line 254, in generate_frames
    if label == 'Accident' and getattr(track, 'det_conf', 0) < ALERT_THRESHOLD:
TypeError: '<' not supported between instances of 'NoneType' and 'float'

Error in loop: '<' not supported between instances of 'NoneType' and 'float'
Traceback (most recent call last):
  File "/Users/madhavsamalla/Desktop/Road-Raksha/ai_server/main.py", line 254, in generate_frames
    if label == 'Accident' and getattr(track, 'det_conf', 0) < ALERT_THRESHOLD:
TypeError: '<' not supported between instances of 'NoneType' and 'float'

Error in loop: '<' not supported between instances of 'NoneType' and 'float'
Traceback (most recent call last):
  File "/Users/madhavsamalla/Desktop/Road-Raksha/ai_server/main.py", line 254, in generate_frames
    if label == 'Accident' and getattr(track, 'det_conf', 0) < ALERT_THRESHOLD:
TypeError: '<' not supported between instances of 'NoneType' and 'float'

Error in loop: '<' not supported between instances of 'NoneType' and 'float'
Traceback (most recent call last):
  File "/Users/madhavsamalla/Desktop/Road-Raksha/ai_server/main.py", line 254, in generate_frames
    if label == 'Accident' and getattr(track, 'det_conf', 0) < ALERT_THRESHOLD:
TypeError: '<' not supported between instances of 'NoneType' and 'float'

Error in loop: '<' not supported between instances of 'NoneType' and 'float'
Traceback (most recent call last):
  File "/Users/madhavsamalla/Desktop/Road-Raksha/ai_server/main.py", line 254, in generate_frames
    if label == 'Accident' and getattr(track, 'det_conf', 0) < ALERT_THRESHOLD:
TypeError: '<' not supported between instances of 'NoneType' and 'float'

Error in loop: '<' not supported between instances of 'NoneType' and 'float'
Traceback (most recent call last):
  File "/Users/madhavsamalla/Desktop/Road-Raksha/ai_server/main.py", line 254, in generate_frames
    if label == 'Accident' and getattr(track, 'det_conf', 0) < ALERT_THRESHOLD:
TypeError: '<' not supported between instances of 'NoneType' and 'float'

Error in loop: '<' not supported between instances of 'NoneType' and 'float'
Traceback (most recent call last):
  File "/Users/madhavsamalla/Desktop/Road-Raksha/ai_server/main.py", line 254, in generate_frames
    if label == 'Accident' and getattr(track, 'det_conf', 0) < ALERT_THRESHOLD:
TypeError: '<' not supported between instances of 'NoneType' and 'float'

Error in loop: '<' not supported between instances of 'NoneType' and 'float'
Traceback (most recent call last):
  File "/Users/madhavsamalla/Desktop/Road-Raksha/ai_server/main.py", line 254, in generate_frames
    if label == 'Accident' and getattr(track, 'det_conf', 0) < ALERT_THRESHOLD:
TypeError: '<' not supported between instances of 'NoneType' and 'float'

Error in loop: '<' not supported between instances of 'NoneType' and 'float'
Traceback (most recent call last):
  File "/Users/madhavsamalla/Desktop/Road-Raksha/ai_server/main.py", line 254, in generate_frames
    if label == 'Accident' and getattr(track, 'det_conf', 0) < ALERT_THRESHOLD:
TypeError: '<' not supported between instances of 'NoneType' and 'float'

Error in loop: '<' not supported between instances of 'NoneType' and 'float'
Traceback (most recent call last):
  File "/Users/madhavsamalla/Desktop/Road-Raksha/ai_server/main.py", line 254, in generate_frames
    if label == 'Accident' and getattr(track, 'det_conf', 0) < ALERT_THRESHOLD:
TypeError: '<' not supported between instances of 'NoneType' and 'float'

Error in loop: '<' not supported between instances of 'NoneType' and 'float'
Traceback (most recent call last):
  File "/Users/madhavsamalla/Desktop/Road-Raksha/ai_server/main.py", line 254, in generate_frames
    if label == 'Accident' and getattr(track, 'det_conf', 0) < ALERT_THRESHOLD:
TypeError: '<' not supported between instances of 'NoneType' and 'float'

Error in loop: '<' not supported between instances of 'NoneType' and 'float'
Traceback (most recent call last):
  File "/Users/madhavsamalla/Desktop/Road-Raksha/ai_server/main.py", line 254, in generate_frames
    if label == 'Accident' and getattr(track, 'det_conf', 0) < ALERT_THRESHOLD:
TypeError: '<' not supported between instances of 'NoneType' and 'float'

Error in loop: '<' not supported between instances of 'NoneType' and 'float'
Traceback (most recent call last):
  File "/Users/madhavsamalla/Desktop/Road-Raksha/ai_server/main.py", line 254, in generate_frames
    if label == 'Accident' and getattr(track, 'det_conf', 0) < ALERT_THRESHOLD:
TypeError: '<' not supported between instances of 'NoneType' and 'float'

Error in loop: '<' not supported between instances of 'NoneType' and 'float'
Traceback (most recent call last):
  File "/Users/madhavsamalla/Desktop/Road-Raksha/ai_server/main.py", line 254, in generate_frames
    if label == 'Accident' and getattr(track, 'det_conf', 0) < ALERT_THRESHOLD:
TypeError: '<' not supported between instances of 'NoneType' and 'float'

Error in loop: '<' not supported between instances of 'NoneType' and 'float'
Traceback (most recent call last):
  File "/Users/madhavsamalla/Desktop/Road-Raksha/ai_server/main.py", line 254, in generate_frames
    if label == 'Accident' and getattr(track, 'det_conf', 0) < ALERT_THRESHOLD:
TypeError: '<' not supported between instances of 'NoneType' and 'float'

Error in loop: '<' not supported between instances of 'NoneType' and 'float'
Traceback (most recent call last):
  File "/Users/madhavsamalla/Desktop/Road-Raksha/ai_server/main.py", line 254, in generate_frames
    if label == 'Accident' and getattr(track, 'det_conf', 0) < ALERT_THRESHOLD:
TypeError: '<' not supported between instances of 'NoneType' and 'float'

Error in loop: '<' not supported between instances of 'NoneType' and 'float'
Traceback (most recent call last):
  File "/Users/madhavsamalla/Desktop/Road-Raksha/ai_server/main.py", line 254, in generate_frames
    if label == 'Accident' and getattr(track, 'det_conf', 0) < ALERT_THRESHOLD:
TypeError: '<' not supported between instances of 'NoneType' and 'float'

Error in loop: '<' not supported between instances of 'NoneType' and 'float'
Traceback (most recent call last):
  File "/Users/madhavsamalla/Desktop/Road-Raksha/ai_server/main.py", line 254, in generate_frames
    if label == 'Accident' and getattr(track, 'det_conf', 0) < ALERT_THRESHOLD:
TypeError: '<' not supported between instances of 'NoneType' and 'float'

Error in loop: '<' not supported between instances of 'NoneType' and 'float'
Traceback (most recent call last):
  File "/Users/madhavsamalla/Desktop/Road-Raksha/ai_server/main.py", line 254, in generate_frames
    if label == 'Accident' and getattr(track, 'det_conf', 0) < ALERT_THRESHOLD:
TypeError: '<' not supported between instances of 'NoneType' and 'float'

Error in loop: '<' not supported between instances of 'NoneType' and 'float'
Traceback (most recent call last):
  File "/Users/madhavsamalla/Desktop/Road-Raksha/ai_server/main.py", line 254, in generate_frames
    if label == 'Accident' and getattr(track, 'det_conf', 0) < ALERT_THRESHOLD:
TypeError: '<' not supported between instances of 'NoneType' and 'float'

Error in loop: '<' not supported between instances of 'NoneType' and 'float'
Traceback (most recent call last):
  File "/Users/madhavsamalla/Desktop/Road-Raksha/ai_server/main.py", line 254, in generate_frames
    if label == 'Accident' and getattr(track, 'det_conf', 0) < ALERT_THRESHOLD:
TypeError: '<' not supported between instances of 'NoneType' and 'float'

Error in loop: '<' not supported between instances of 'NoneType' and 'float'
Traceback (most recent call last):
  File "/Users/madhavsamalla/Desktop/Road-Raksha/ai_server/main.py", line 254, in generate_frames
    if label == 'Accident' and getattr(track, 'det_conf', 0) < ALERT_THRESHOLD:
TypeError: '<' not supported between instances of 'NoneType' and 'float'

Error in loop: '<' not supported between instances of 'NoneType' and 'float'
Traceback (most recent call last):
  File "/Users/madhavsamalla/Desktop/Road-Raksha/ai_server/main.py", line 254, in generate_frames
    if label == 'Accident' and getattr(track, 'det_conf', 0) < ALERT_THRESHOLD:
TypeError: '<' not supported between instances of 'NoneType' and 'float'

Error in loop: '<' not supported between instances of 'NoneType' and 'float'
Traceback (most recent call last):
  File "/Users/madhavsamalla/Desktop/Road-Raksha/ai_server/main.py", line 254, in generate_frames
    if label == 'Accident' and getattr(track, 'det_conf', 0) < ALERT_THRESHOLD:
TypeError: '<' not supported between instances of 'NoneType' and 'float'

Error in loop: '<' not supported between instances of 'NoneType' and 'float'
Traceback (most recent call last):
  File "/Users/madhavsamalla/Desktop/Road-Raksha/ai_server/main.py", line 254, in generate_frames
    if label == 'Accident' and getattr(track, 'det_conf', 0) < ALERT_THRESHOLD:
TypeError: '<' not supported between instances of 'NoneType' and 'float'

Error in loop: '<' not supported between instances of 'NoneType' and 'float'
Traceback (most recent call last):
  File "/Users/madhavsamalla/Desktop/Road-Raksha/ai_server/main.py", line 254, in generate_frames
    if label == 'Accident' and getattr(track, 'det_conf', 0) < ALERT_THRESHOLD:
TypeError: '<' not supported between instances of 'NoneType' and 'float'

Error in loop: '<' not supported between instances of 'NoneType' and 'float'
Traceback (most recent call last):
  File "/Users/madhavsamalla/Desktop/Road-Raksha/ai_server/main.py", line 254, in generate_frames
    if label == 'Accident' and getattr(track, 'det_conf', 0) < ALERT_THRESHOLD:
TypeError: '<' not supported between instances of 'NoneType' and 'float'

Error in loop: '<' not supported between instances of 'NoneType' and 'float'
Traceback (most recent call last):
  File "/Users/madhavsamalla/Desktop/Road-Raksha/ai_server/main.py", line 254, in generate_frames
    if label == 'Accident' and getattr(track, 'det_conf', 0) < ALERT_THRESHOLD:
TypeError: '<' not supported between instances of 'NoneType' and 'float'

Error in loop: '<' not supported between instances of 'NoneType' and 'float'
Traceback (most recent call last):
  File "/Users/madhavsamalla/Desktop/Road-Raksha/ai_server/main.py", line 254, in generate_frames
    if label == 'Accident' and getattr(track, 'det_conf', 0) < ALERT_THRESHOLD:
TypeError: '<' not supported between instances of 'NoneType' and 'float'

Error in loop: '<' not supported between instances of 'NoneType' and 'float'
Traceback (most recent call last):
  File "/Users/madhavsamalla/Desktop/Road-Raksha/ai_server/main.py", line 254, in generate_frames
    if label == 'Accident' and getattr(track, 'det_conf', 0) < ALERT_THRESHOLD:
TypeError: '<' not supported between instances of 'NoneType' and 'float'

Error in loop: '<' not supported between instances of 'NoneType' and 'float'
Traceback (most recent call last):
  File "/Users/madhavsamalla/Desktop/Road-Raksha/ai_server/main.py", line 254, in generate_frames
    if label == 'Accident' and getattr(track, 'det_conf', 0) < ALERT_THRESHOLD:
TypeError: '<' not supported between instances of 'NoneType' and 'float'

Error in loop: '<' not supported between instances of 'NoneType' and 'float'
Traceback (most recent call last):
  File "/Users/madhavsamalla/Desktop/Road-Raksha/ai_server/main.py", line 254, in generate_frames
    if label == 'Accident' and getattr(track, 'det_conf', 0) < ALERT_THRESHOLD:
TypeError: '<' not supported between instances of 'NoneType' and 'float'

Error in loop: '<' not supported between instances of 'NoneType' and 'float'
Traceback (most recent call last):
  File "/Users/madhavsamalla/Desktop/Road-Raksha/ai_server/main.py", line 254, in generate_frames
    if label == 'Accident' and getattr(track, 'det_conf', 0) < ALERT_THRESHOLD:
TypeError: '<' not supported between instances of 'NoneType' and 'float'

Error in loop: '<' not supported between instances of 'NoneType' and 'float'
Traceback (most recent call last):
  File "/Users/madhavsamalla/Desktop/Road-Raksha/ai_server/main.py", line 254, in generate_frames
    if label == 'Accident' and getattr(track, 'det_conf', 0) < ALERT_THRESHOLD:
TypeError: '<' not supported between instances of 'NoneType' and 'float'

Error in loop: '<' not supported between instances of 'NoneType' and 'float'
Traceback (most recent call last):
  File "/Users/madhavsamalla/Desktop/Road-Raksha/ai_server/main.py", line 254, in generate_frames
    if label == 'Accident' and getattr(track, 'det_conf', 0) < ALERT_THRESHOLD:
TypeError: '<' not supported between instances of 'NoneType' and 'float'

Error in loop: '<' not supported between instances of 'NoneType' and 'float'
Traceback (most recent call last):
  File "/Users/madhavsamalla/Desktop/Road-Raksha/ai_server/main.py", line 254, in generate_frames
    if label == 'Accident' and getattr(track, 'det_conf', 0) < ALERT_THRESHOLD:
TypeError: '<' not supported between instances of 'NoneType' and 'float'

Error in loop: '<' not supported between instances of 'NoneType' and 'float'
Traceback (most recent call last):
  File "/Users/madhavsamalla/Desktop/Road-Raksha/ai_server/main.py", line 254, in generate_frames
    if label == 'Accident' and getattr(track, 'det_conf', 0) < ALERT_THRESHOLD:
TypeError: '<' not supported between instances of 'NoneType' and 'float'

Error in loop: '<' not supported between instances of 'NoneType' and 'float'
Traceback (most recent call last):
  File "/Users/madhavsamalla/Desktop/Road-Raksha/ai_server/main.py", line 254, in generate_frames
    if label == 'Accident' and getattr(track, 'det_conf', 0) < ALERT_THRESHOLD:
TypeError: '<' not supported between instances of 'NoneType' and 'float'

Error in loop: '<' not supported between instances of 'NoneType' and 'float'
Traceback (most recent call last):
  File "/Users/madhavsamalla/Desktop/Road-Raksha/ai_server/main.py", line 254, in generate_frames
    if label == 'Accident' and getattr(track, 'det_conf', 0) < ALERT_THRESHOLD:
TypeError: '<' not supported between instances of 'NoneType' and 'float'

Error in loop: '<' not supported between instances of 'NoneType' and 'float'
Traceback (most recent call last):
  File "/Users/madhavsamalla/Desktop/Road-Raksha/ai_server/main.py", line 254, in generate_frames
    if label == 'Accident' and getattr(track, 'det_conf', 0) < ALERT_THRESHOLD:
TypeError: '<' not supported between instances of 'NoneType' and 'float'

Error in loop: '<' not supported between instances of 'NoneType' and 'float'
Traceback (most recent call last):
  File "/Users/madhavsamalla/Desktop/Road-Raksha/ai_server/main.py", line 254, in generate_frames
    if label == 'Accident' and getattr(track, 'det_conf', 0) < ALERT_THRESHOLD:
TypeError: '<' not supported between instances of 'NoneType' and 'float'

Error in loop: '<' not supported between instances of 'NoneType' and 'float'
Traceback (most recent call last):
  File "/Users/madhavsamalla/Desktop/Road-Raksha/ai_server/main.py", line 254, in generate_frames
    if label == 'Accident' and getattr(track, 'det_conf', 0) < ALERT_THRESHOLD:
TypeError: '<' not supported between instances of 'NoneType' and 'float'

Error in loop: '<' not supported between instances of 'NoneType' and 'float'
Traceback (most recent call last):
  File "/Users/madhavsamalla/Desktop/Road-Raksha/ai_server/main.py", line 254, in generate_frames
    if label == 'Accident' and getattr(track, 'det_conf', 0) < ALERT_THRESHOLD:
TypeError: '<' not supported between instances of 'NoneType' and 'float'

Error in loop: '<' not supported between instances of 'NoneType' and 'float'
Traceback (most recent call last):
  File "/Users/madhavsamalla/Desktop/Road-Raksha/ai_server/main.py", line 254, in generate_frames
    if label == 'Accident' and getattr(track, 'det_conf', 0) < ALERT_THRESHOLD:
TypeError: '<' not supported between instances of 'NoneType' and 'float'

Error in loop: '<' not supported between instances of 'NoneType' and 'float'
Traceback (most recent call last):
  File "/Users/madhavsamalla/Desktop/Road-Raksha/ai_server/main.py", line 254, in generate_frames
    if label == 'Accident' and getattr(track, 'det_conf', 0) < ALERT_THRESHOLD:
TypeError: '<' not supported between instances of 'NoneType' and 'float'

Error in loop: '<' not supported between instances of 'NoneType' and 'float'
Traceback (most recent call last):
  File "/Users/madhavsamalla/Desktop/Road-Raksha/ai_server/main.py", line 254, in generate_frames
    if label == 'Accident' and getattr(track, 'det_conf', 0) < ALERT_THRESHOLD:
TypeError: '<' not supported between instances of 'NoneType' and 'float'

Error in loop: '<' not supported between instances of 'NoneType' and 'float'
Traceback (most recent call last):
  File "/Users/madhavsamalla/Desktop/Road-Raksha/ai_server/main.py", line 254, in generate_frames
    if label == 'Accident' and getattr(track, 'det_conf', 0) < ALERT_THRESHOLD:
TypeError: '<' not supported between instances of 'NoneType' and 'float'

Error in loop: '<' not supported between instances of 'NoneType' and 'float'
Traceback (most recent call last):
  File "/Users/madhavsamalla/Desktop/Road-Raksha/ai_server/main.py", line 254, in generate_frames
    if label == 'Accident' and getattr(track, 'det_conf', 0) < ALERT_THRESHOLD:
TypeError: '<' not supported between instances of 'NoneType' and 'float'

Error in loop: '<' not supported between instances of 'NoneType' and 'float'
Traceback (most recent call last):
  File "/Users/madhavsamalla/Desktop/Road-Raksha/ai_server/main.py", line 254, in generate_frames
    if label == 'Accident' and getattr(track, 'det_conf', 0) < ALERT_THRESHOLD:
TypeError: '<' not supported between instances of 'NoneType' and 'float'

Error in loop: '<' not supported between instances of 'NoneType' and 'float'
Traceback (most recent call last):
  File "/Users/madhavsamalla/Desktop/Road-Raksha/ai_server/main.py", line 254, in generate_frames
    if label == 'Accident' and getattr(track, 'det_conf', 0) < ALERT_THRESHOLD:
TypeError: '<' not supported between instances of 'NoneType' and 'float'

Error in loop: '<' not supported between instances of 'NoneType' and 'float'
Traceback (most recent call last):
  File "/Users/madhavsamalla/Desktop/Road-Raksha/ai_server/main.py", line 254, in generate_frames
    if label == 'Accident' and getattr(track, 'det_conf', 0) < ALERT_THRESHOLD:
TypeError: '<' not supported between instances of 'NoneType' and 'float'

Error in loop: '<' not supported between instances of 'NoneType' and 'float'
Traceback (most recent call last):
  File "/Users/madhavsamalla/Desktop/Road-Raksha/ai_server/main.py", line 254, in generate_frames
    if label == 'Accident' and getattr(track, 'det_conf', 0) < ALERT_THRESHOLD:
TypeError: '<' not supported between instances of 'NoneType' and 'float'

Error in loop: '<' not supported between instances of 'NoneType' and 'float'
Traceback (most recent call last):
  File "/Users/madhavsamalla/Desktop/Road-Raksha/ai_server/main.py", line 254, in generate_frames
    if label == 'Accident' and getattr(track, 'det_conf', 0) < ALERT_THRESHOLD:
TypeError: '<' not supported between instances of 'NoneType' and 'float'

Error in loop: '<' not supported between instances of 'NoneType' and 'float'
Traceback (most recent call last):
  File "/Users/madhavsamalla/Desktop/Road-Raksha/ai_server/main.py", line 254, in generate_frames
    if label == 'Accident' and getattr(track, 'det_conf', 0) < ALERT_THRESHOLD:
TypeError: '<' not supported between instances of 'NoneType' and 'float'

Error in loop: '<' not supported between instances of 'NoneType' and 'float'
Traceback (most recent call last):
  File "/Users/madhavsamalla/Desktop/Road-Raksha/ai_server/main.py", line 254, in generate_frames
    if label == 'Accident' and getattr(track, 'det_conf', 0) < ALERT_THRESHOLD:
TypeError: '<' not supported between instances of 'NoneType' and 'float'

Error in loop: '<' not supported between instances of 'NoneType' and 'float'
Traceback (most recent call last):
  File "/Users/madhavsamalla/Desktop/Road-Raksha/ai_server/main.py", line 254, in generate_frames
    if label == 'Accident' and getattr(track, 'det_conf', 0) < ALERT_THRESHOLD:
TypeError: '<' not supported between instances of 'NoneType' and 'float'

Error in loop: '<' not supported between instances of 'NoneType' and 'float'
Traceback (most recent call last):
  File "/Users/madhavsamalla/Desktop/Road-Raksha/ai_server/main.py", line 254, in generate_frames
    if label == 'Accident' and getattr(track, 'det_conf', 0) < ALERT_THRESHOLD:
TypeError: '<' not supported between instances of 'NoneType' and 'float'

Error in loop: '<' not supported between instances of 'NoneType' and 'float'
Traceback (most recent call last):
  File "/Users/madhavsamalla/Desktop/Road-Raksha/ai_server/main.py", line 254, in generate_frames
    if label == 'Accident' and getattr(track, 'det_conf', 0) < ALERT_THRESHOLD:
TypeError: '<' not supported between instances of 'NoneType' and 'float'

Error in loop: '<' not supported between instances of 'NoneType' and 'float'
Traceback (most recent call last):
  File "/Users/madhavsamalla/Desktop/Road-Raksha/ai_server/main.py", line 254, in generate_frames
    if label == 'Accident' and getattr(track, 'det_conf', 0) < ALERT_THRESHOLD:
TypeError: '<' not supported between instances of 'NoneType' and 'float'

Error in loop: '<' not supported between instances of 'NoneType' and 'float'
Traceback (most recent call last):
  File "/Users/madhavsamalla/Desktop/Road-Raksha/ai_server/main.py", line 254, in generate_frames
    if label == 'Accident' and getattr(track, 'det_conf', 0) < ALERT_THRESHOLD:
TypeError: '<' not supported between instances of 'NoneType' and 'float'

Error in loop: '<' not supported between instances of 'NoneType' and 'float'
Traceback (most recent call last):
  File "/Users/madhavsamalla/Desktop/Road-Raksha/ai_server/main.py", line 254, in generate_frames
    if label == 'Accident' and getattr(track, 'det_conf', 0) < ALERT_THRESHOLD:
TypeError: '<' not supported between instances of 'NoneType' and 'float'

Error in loop: '<' not supported between instances of 'NoneType' and 'float'
Traceback (most recent call last):
  File "/Users/madhavsamalla/Desktop/Road-Raksha/ai_server/main.py", line 254, in generate_frames
    if label == 'Accident' and getattr(track, 'det_conf', 0) < ALERT_THRESHOLD:
TypeError: '<' not supported between instances of 'NoneType' and 'float'

Error in loop: '<' not supported between instances of 'NoneType' and 'float'
Traceback (most recent call last):
  File "/Users/madhavsamalla/Desktop/Road-Raksha/ai_server/main.py", line 254, in generate_frames
    if label == 'Accident' and getattr(track, 'det_conf', 0) < ALERT_THRESHOLD:
TypeError: '<' not supported between instances of 'NoneType' and 'float'

Error in loop: '<' not supported between instances of 'NoneType' and 'float'
Traceback (most recent call last):
  File "/Users/madhavsamalla/Desktop/Road-Raksha/ai_server/main.py", line 254, in generate_frames
    if label == 'Accident' and getattr(track, 'det_conf', 0) < ALERT_THRESHOLD:
TypeError: '<' not supported between instances of 'NoneType' and 'float'

Error in loop: '<' not supported between instances of 'NoneType' and 'float'
Traceback (most recent call last):
  File "/Users/madhavsamalla/Desktop/Road-Raksha/ai_server/main.py", line 254, in generate_frames
    if label == 'Accident' and getattr(track, 'det_conf', 0) < ALERT_THRESHOLD:
TypeError: '<' not supported between instances of 'NoneType' and 'float'

Error in loop: '<' not supported between instances of 'NoneType' and 'float'
Traceback (most recent call last):
  File "/Users/madhavsamalla/Desktop/Road-Raksha/ai_server/main.py", line 254, in generate_frames
    if label == 'Accident' and getattr(track, 'det_conf', 0) < ALERT_THRESHOLD:
TypeError: '<' not supported between instances of 'NoneType' and 'float'

Error in loop: '<' not supported between instances of 'NoneType' and 'float'
Traceback (most recent call last):
  File "/Users/madhavsamalla/Desktop/Road-Raksha/ai_server/main.py", line 254, in generate_frames
    if label == 'Accident' and getattr(track, 'det_conf', 0) < ALERT_THRESHOLD:
TypeError: '<' not supported between instances of 'NoneType' and 'float'

Error in loop: '<' not supported between instances of 'NoneType' and 'float'
Traceback (most recent call last):
  File "/Users/madhavsamalla/Desktop/Road-Raksha/ai_server/main.py", line 254, in generate_frames
    if label == 'Accident' and getattr(track, 'det_conf', 0) < ALERT_THRESHOLD:
TypeError: '<' not supported between instances of 'NoneType' and 'float'

Error in loop: '<' not supported between instances of 'NoneType' and 'float'
Traceback (most recent call last):
  File "/Users/madhavsamalla/Desktop/Road-Raksha/ai_server/main.py", line 254, in generate_frames
    if label == 'Accident' and getattr(track, 'det_conf', 0) < ALERT_THRESHOLD:
TypeError: '<' not supported between instances of 'NoneType' and 'float'

Error in loop: '<' not supported between instances of 'NoneType' and 'float'
Traceback (most recent call last):
  File "/Users/madhavsamalla/Desktop/Road-Raksha/ai_server/main.py", line 254, in generate_frames
    if label == 'Accident' and getattr(track, 'det_conf', 0) < ALERT_THRESHOLD:
TypeError: '<' not supported between instances of 'NoneType' and 'float'

Error in loop: '<' not supported between instances of 'NoneType' and 'float'
Traceback (most recent call last):
  File "/Users/madhavsamalla/Desktop/Road-Raksha/ai_server/main.py", line 254, in generate_frames
    if label == 'Accident' and getattr(track, 'det_conf', 0) < ALERT_THRESHOLD:
TypeError: '<' not supported between instances of 'NoneType' and 'float'

Error in loop: '<' not supported between instances of 'NoneType' and 'float'
Traceback (most recent call last):
  File "/Users/madhavsamalla/Desktop/Road-Raksha/ai_server/main.py", line 254, in generate_frames
    if label == 'Accident' and getattr(track, 'det_conf', 0) < ALERT_THRESHOLD:
TypeError: '<' not supported between instances of 'NoneType' and 'float'

Error in loop: '<' not supported between instances of 'NoneType' and 'float'
Traceback (most recent call last):
  File "/Users/madhavsamalla/Desktop/Road-Raksha/ai_server/main.py", line 254, in generate_frames
    if label == 'Accident' and getattr(track, 'det_conf', 0) < ALERT_THRESHOLD:
TypeError: '<' not supported between instances of 'NoneType' and 'float'

Error in loop: '<' not supported between instances of 'NoneType' and 'float'
Traceback (most recent call last):
  File "/Users/madhavsamalla/Desktop/Road-Raksha/ai_server/main.py", line 254, in generate_frames
    if label == 'Accident' and getattr(track, 'det_conf', 0) < ALERT_THRESHOLD:
TypeError: '<' not supported between instances of 'NoneType' and 'float'

Error in loop: '<' not supported between instances of 'NoneType' and 'float'
Traceback (most recent call last):
  File "/Users/madhavsamalla/Desktop/Road-Raksha/ai_server/main.py", line 254, in generate_frames
    if label == 'Accident' and getattr(track, 'det_conf', 0) < ALERT_THRESHOLD:
TypeError: '<' not supported between instances of 'NoneType' and 'float'

Error in loop: '<' not supported between instances of 'NoneType' and 'float'
Traceback (most recent call last):
  File "/Users/madhavsamalla/Desktop/Road-Raksha/ai_server/main.py", line 254, in generate_frames
    if label == 'Accident' and getattr(track, 'det_conf', 0) < ALERT_THRESHOLD:
TypeError: '<' not supported between instances of 'NoneType' and 'float'

Error in loop: '<' not supported between instances of 'NoneType' and 'float'
Traceback (most recent call last):
  File "/Users/madhavsamalla/Desktop/Road-Raksha/ai_server/main.py", line 254, in generate_frames
    if label == 'Accident' and getattr(track, 'det_conf', 0) < ALERT_THRESHOLD:
TypeError: '<' not supported between instances of 'NoneType' and 'float'

Error in loop: '<' not supported between instances of 'NoneType' and 'float'
Traceback (most recent call last):
  File "/Users/madhavsamalla/Desktop/Road-Raksha/ai_server/main.py", line 254, in generate_frames
    if label == 'Accident' and getattr(track, 'det_conf', 0) < ALERT_THRESHOLD:
TypeError: '<' not supported between instances of 'NoneType' and 'float'

Error in loop: '<' not supported between instances of 'NoneType' and 'float'
Traceback (most recent call last):
  File "/Users/madhavsamalla/Desktop/Road-Raksha/ai_server/main.py", line 254, in generate_frames
    if label == 'Accident' and getattr(track, 'det_conf', 0) < ALERT_THRESHOLD:
TypeError: '<' not supported between instances of 'NoneType' and 'float'

Error in loop: '<' not supported between instances of 'NoneType' and 'float'
Traceback (most recent call last):
  File "/Users/madhavsamalla/Desktop/Road-Raksha/ai_server/main.py", line 254, in generate_frames
    if label == 'Accident' and getattr(track, 'det_conf', 0) < ALERT_THRESHOLD:
TypeError: '<' not supported between instances of 'NoneType' and 'float'

Error in loop: '<' not supported between instances of 'NoneType' and 'float'
Traceback (most recent call last):
  File "/Users/madhavsamalla/Desktop/Road-Raksha/ai_server/main.py", line 254, in generate_frames
    if label == 'Accident' and getattr(track, 'det_conf', 0) < ALERT_THRESHOLD:
TypeError: '<' not supported between instances of 'NoneType' and 'float'

Error in loop: '<' not supported between instances of 'NoneType' and 'float'
Traceback (most recent call last):
  File "/Users/madhavsamalla/Desktop/Road-Raksha/ai_server/main.py", line 254, in generate_frames
    if label == 'Accident' and getattr(track, 'det_conf', 0) < ALERT_THRESHOLD:
TypeError: '<' not supported between instances of 'NoneType' and 'float'

Error in loop: '<' not supported between instances of 'NoneType' and 'float'
Traceback (most recent call last):
  File "/Users/madhavsamalla/Desktop/Road-Raksha/ai_server/main.py", line 254, in generate_frames
    if label == 'Accident' and getattr(track, 'det_conf', 0) < ALERT_THRESHOLD:
TypeError: '<' not supported between instances of 'NoneType' and 'float'

Error in loop: '<' not supported between instances of 'NoneType' and 'float'
Traceback (most recent call last):
  File "/Users/madhavsamalla/Desktop/Road-Raksha/ai_server/main.py", line 254, in generate_frames
    if label == 'Accident' and getattr(track, 'det_conf', 0) < ALERT_THRESHOLD:
TypeError: '<' not supported between instances of 'NoneType' and 'float'

Error in loop: '<' not supported between instances of 'NoneType' and 'float'
Traceback (most recent call last):
  File "/Users/madhavsamalla/Desktop/Road-Raksha/ai_server/main.py", line 254, in generate_frames
    if label == 'Accident' and getattr(track, 'det_conf', 0) < ALERT_THRESHOLD:
TypeError: '<' not supported between instances of 'NoneType' and 'float'

Error in loop: '<' not supported between instances of 'NoneType' and 'float'
Traceback (most recent call last):
  File "/Users/madhavsamalla/Desktop/Road-Raksha/ai_server/main.py", line 254, in generate_frames
    if label == 'Accident' and getattr(track, 'det_conf', 0) < ALERT_THRESHOLD:
TypeError: '<' not supported between instances of 'NoneType' and 'float'

Error in loop: '<' not supported between instances of 'NoneType' and 'float'
Traceback (most recent call last):
  File "/Users/madhavsamalla/Desktop/Road-Raksha/ai_server/main.py", line 254, in generate_frames
    if label == 'Accident' and getattr(track, 'det_conf', 0) < ALERT_THRESHOLD:
TypeError: '<' not supported between instances of 'NoneType' and 'float'

Error in loop: '<' not supported between instances of 'NoneType' and 'float'
Traceback (most recent call last):
  File "/Users/madhavsamalla/Desktop/Road-Raksha/ai_server/main.py", line 254, in generate_frames
    if label == 'Accident' and getattr(track, 'det_conf', 0) < ALERT_THRESHOLD:
TypeError: '<' not supported between instances of 'NoneType' and 'float'

Error in loop: '<' not supported between instances of 'NoneType' and 'float'
Traceback (most recent call last):
  File "/Users/madhavsamalla/Desktop/Road-Raksha/ai_server/main.py", line 254, in generate_frames
    if label == 'Accident' and getattr(track, 'det_conf', 0) < ALERT_THRESHOLD:
TypeError: '<' not supported between instances of 'NoneType' and 'float'

Error in loop: '<' not supported between instances of 'NoneType' and 'float'
Traceback (most recent call last):
  File "/Users/madhavsamalla/Desktop/Road-Raksha/ai_server/main.py", line 254, in generate_frames
    if label == 'Accident' and getattr(track, 'det_conf', 0) < ALERT_THRESHOLD:
TypeError: '<' not supported between instances of 'NoneType' and 'float'

Error in loop: '<' not supported between instances of 'NoneType' and 'float'
Traceback (most recent call last):
  File "/Users/madhavsamalla/Desktop/Road-Raksha/ai_server/main.py", line 254, in generate_frames
    if label == 'Accident' and getattr(track, 'det_conf', 0) < ALERT_THRESHOLD:
TypeError: '<' not supported between instances of 'NoneType' and 'float'

Error in loop: '<' not supported between instances of 'NoneType' and 'float'
Traceback (most recent call last):
  File "/Users/madhavsamalla/Desktop/Road-Raksha/ai_server/main.py", line 254, in generate_frames
    if label == 'Accident' and getattr(track, 'det_conf', 0) < ALERT_THRESHOLD:
TypeError: '<' not supported between instances of 'NoneType' and 'float'

Error in loop: '<' not supported between instances of 'NoneType' and 'float'
Traceback (most recent call last):
  File "/Users/madhavsamalla/Desktop/Road-Raksha/ai_server/main.py", line 254, in generate_frames
    if label == 'Accident' and getattr(track, 'det_conf', 0) < ALERT_THRESHOLD:
TypeError: '<' not supported between instances of 'NoneType' and 'float'

Error in loop: '<' not supported between instances of 'NoneType' and 'float'
Traceback (most recent call last):
  File "/Users/madhavsamalla/Desktop/Road-Raksha/ai_server/main.py", line 254, in generate_frames
    if label == 'Accident' and getattr(track, 'det_conf', 0) < ALERT_THRESHOLD:
TypeError: '<' not supported between instances of 'NoneType' and 'float'

Error in loop: '<' not supported between instances of 'NoneType' and 'float'
Traceback (most recent call last):
  File "/Users/madhavsamalla/Desktop/Road-Raksha/ai_server/main.py", line 254, in generate_frames
    if label == 'Accident' and getattr(track, 'det_conf', 0) < ALERT_THRESHOLD:
TypeError: '<' not supported between instances of 'NoneType' and 'float'

Error in loop: '<' not supported between instances of 'NoneType' and 'float'
Traceback (most recent call last):
  File "/Users/madhavsamalla/Desktop/Road-Raksha/ai_server/main.py", line 254, in generate_frames
    if label == 'Accident' and getattr(track, 'det_conf', 0) < ALERT_THRESHOLD:
TypeError: '<' not supported between instances of 'NoneType' and 'float'

Error in loop: '<' not supported between instances of 'NoneType' and 'float'
Traceback (most recent call last):
  File "/Users/madhavsamalla/Desktop/Road-Raksha/ai_server/main.py", line 254, in generate_frames
    if label == 'Accident' and getattr(track, 'det_conf', 0) < ALERT_THRESHOLD:
TypeError: '<' not supported between instances of 'NoneType' and 'float'

Error in loop: '<' not supported between instances of 'NoneType' and 'float'
Traceback (most recent call last):
  File "/Users/madhavsamalla/Desktop/Road-Raksha/ai_server/main.py", line 254, in generate_frames
    if label == 'Accident' and getattr(track, 'det_conf', 0) < ALERT_THRESHOLD:
TypeError: '<' not supported between instances of 'NoneType' and 'float'

Error in loop: '<' not supported between instances of 'NoneType' and 'float'
Traceback (most recent call last):
  File "/Users/madhavsamalla/Desktop/Road-Raksha/ai_server/main.py", line 254, in generate_frames
    if label == 'Accident' and getattr(track, 'det_conf', 0) < ALERT_THRESHOLD:
TypeError: '<' not supported between instances of 'NoneType' and 'float'

Error in loop: '<' not supported between instances of 'NoneType' and 'float'
Traceback (most recent call last):
  File "/Users/madhavsamalla/Desktop/Road-Raksha/ai_server/main.py", line 254, in generate_frames
    if label == 'Accident' and getattr(track, 'det_conf', 0) < ALERT_THRESHOLD:
TypeError: '<' not supported between instances of 'NoneType' and 'float'

Error in loop: '<' not supported between instances of 'NoneType' and 'float'
Traceback (most recent call last):
  File "/Users/madhavsamalla/Desktop/Road-Raksha/ai_server/main.py", line 254, in generate_frames
    if label == 'Accident' and getattr(track, 'det_conf', 0) < ALERT_THRESHOLD:
TypeError: '<' not supported between instances of 'NoneType' and 'float'

Error in loop: '<' not supported between instances of 'NoneType' and 'float'
Traceback (most recent call last):
  File "/Users/madhavsamalla/Desktop/Road-Raksha/ai_server/main.py", line 254, in generate_frames
    if label == 'Accident' and getattr(track, 'det_conf', 0) < ALERT_THRESHOLD:
TypeError: '<' not supported between instances of 'NoneType' and 'float'

Error in loop: '<' not supported between instances of 'NoneType' and 'float'
Traceback (most recent call last):
  File "/Users/madhavsamalla/Desktop/Road-Raksha/ai_server/main.py", line 254, in generate_frames
    if label == 'Accident' and getattr(track, 'det_conf', 0) < ALERT_THRESHOLD:
TypeError: '<' not supported between instances of 'NoneType' and 'float'

Error in loop: '<' not supported between instances of 'NoneType' and 'float'
Traceback (most recent call last):
  File "/Users/madhavsamalla/Desktop/Road-Raksha/ai_server/main.py", line 254, in generate_frames
    if label == 'Accident' and getattr(track, 'det_conf', 0) < ALERT_THRESHOLD:
TypeError: '<' not supported between instances of 'NoneType' and 'float'

Error in loop: '<' not supported between instances of 'NoneType' and 'float'
Traceback (most recent call last):
  File "/Users/madhavsamalla/Desktop/Road-Raksha/ai_server/main.py", line 254, in generate_frames
    if label == 'Accident' and getattr(track, 'det_conf', 0) < ALERT_THRESHOLD:
TypeError: '<' not supported between instances of 'NoneType' and 'float'

Error in loop: '<' not supported between instances of 'NoneType' and 'float'
Traceback (most recent call last):
  File "/Users/madhavsamalla/Desktop/Road-Raksha/ai_server/main.py", line 254, in generate_frames
    if label == 'Accident' and getattr(track, 'det_conf', 0) < ALERT_THRESHOLD:
TypeError: '<' not supported between instances of 'NoneType' and 'float'

Error in loop: '<' not supported between instances of 'NoneType' and 'float'
Traceback (most recent call last):
  File "/Users/madhavsamalla/Desktop/Road-Raksha/ai_server/main.py", line 254, in generate_frames
    if label == 'Accident' and getattr(track, 'det_conf', 0) < ALERT_THRESHOLD:
TypeError: '<' not supported between instances of 'NoneType' and 'float'

Error in loop: '<' not supported between instances of 'NoneType' and 'float'
Traceback (most recent call last):
  File "/Users/madhavsamalla/Desktop/Road-Raksha/ai_server/main.py", line 254, in generate_frames
    if label == 'Accident' and getattr(track, 'det_conf', 0) < ALERT_THRESHOLD:
TypeError: '<' not supported between instances of 'NoneType' and 'float'

Error in loop: '<' not supported between instances of 'NoneType' and 'float'
Traceback (most recent call last):
  File "/Users/madhavsamalla/Desktop/Road-Raksha/ai_server/main.py", line 254, in generate_frames
    if label == 'Accident' and getattr(track, 'det_conf', 0) < ALERT_THRESHOLD:
TypeError: '<' not supported between instances of 'NoneType' and 'float'

Error in loop: '<' not supported between instances of 'NoneType' and 'float'
Traceback (most recent call last):
  File "/Users/madhavsamalla/Desktop/Road-Raksha/ai_server/main.py", line 254, in generate_frames
    if label == 'Accident' and getattr(track, 'det_conf', 0) < ALERT_THRESHOLD:
TypeError: '<' not supported between instances of 'NoneType' and 'float'

Error in loop: '<' not supported between instances of 'NoneType' and 'float'
Traceback (most recent call last):
  File "/Users/madhavsamalla/Desktop/Road-Raksha/ai_server/main.py", line 254, in generate_frames
    if label == 'Accident' and getattr(track, 'det_conf', 0) < ALERT_THRESHOLD:
TypeError: '<' not supported between instances of 'NoneType' and 'float'

Error in loop: '<' not supported between instances of 'NoneType' and 'float'
Traceback (most recent call last):
  File "/Users/madhavsamalla/Desktop/Road-Raksha/ai_server/main.py", line 254, in generate_frames
    if label == 'Accident' and getattr(track, 'det_conf', 0) < ALERT_THRESHOLD:
TypeError: '<' not supported between instances of 'NoneType' and 'float'

Error in loop: '<' not supported between instances of 'NoneType' and 'float'
Traceback (most recent call last):
  File "/Users/madhavsamalla/Desktop/Road-Raksha/ai_server/main.py", line 254, in generate_frames
    if label == 'Accident' and getattr(track, 'det_conf', 0) < ALERT_THRESHOLD:
TypeError: '<' not supported between instances of 'NoneType' and 'float'

Error in loop: '<' not supported between instances of 'NoneType' and 'float'
Traceback (most recent call last):
  File "/Users/madhavsamalla/Desktop/Road-Raksha/ai_server/main.py", line 254, in generate_frames
    if label == 'Accident' and getattr(track, 'det_conf', 0) < ALERT_THRESHOLD:
TypeError: '<' not supported between instances of 'NoneType' and 'float'

Error in loop: '<' not supported between instances of 'NoneType' and 'float'
Traceback (most recent call last):
  File "/Users/madhavsamalla/Desktop/Road-Raksha/ai_server/main.py", line 254, in generate_frames
    if label == 'Accident' and getattr(track, 'det_conf', 0) < ALERT_THRESHOLD:
TypeError: '<' not supported between instances of 'NoneType' and 'float'

Error in loop: '<' not supported between instances of 'NoneType' and 'float'
Traceback (most recent call last):
  File "/Users/madhavsamalla/Desktop/Road-Raksha/ai_server/main.py", line 254, in generate_frames
    if label == 'Accident' and getattr(track, 'det_conf', 0) < ALERT_THRESHOLD:
TypeError: '<' not supported between instances of 'NoneType' and 'float'

Error in loop: '<' not supported between instances of 'NoneType' and 'float'
Traceback (most recent call last):
  File "/Users/madhavsamalla/Desktop/Road-Raksha/ai_server/main.py", line 254, in generate_frames
    if label == 'Accident' and getattr(track, 'det_conf', 0) < ALERT_THRESHOLD:
TypeError: '<' not supported between instances of 'NoneType' and 'float'

Error in loop: '<' not supported between instances of 'NoneType' and 'float'
Traceback (most recent call last):
  File "/Users/madhavsamalla/Desktop/Road-Raksha/ai_server/main.py", line 254, in generate_frames
    if label == 'Accident' and getattr(track, 'det_conf', 0) < ALERT_THRESHOLD:
TypeError: '<' not supported between instances of 'NoneType' and 'float'

Error in loop: '<' not supported between instances of 'NoneType' and 'float'
Traceback (most recent call last):
  File "/Users/madhavsamalla/Desktop/Road-Raksha/ai_server/main.py", line 254, in generate_frames
    if label == 'Accident' and getattr(track, 'det_conf', 0) < ALERT_THRESHOLD:
TypeError: '<' not supported between instances of 'NoneType' and 'float'

Error in loop: '<' not supported between instances of 'NoneType' and 'float'
Traceback (most recent call last):
  File "/Users/madhavsamalla/Desktop/Road-Raksha/ai_server/main.py", line 254, in generate_frames
    if label == 'Accident' and getattr(track, 'det_conf', 0) < ALERT_THRESHOLD:
TypeError: '<' not supported between instances of 'NoneType' and 'float'

Error in loop: '<' not supported between instances of 'NoneType' and 'float'
Traceback (most recent call last):
  File "/Users/madhavsamalla/Desktop/Road-Raksha/ai_server/main.py", line 254, in generate_frames
    if label == 'Accident' and getattr(track, 'det_conf', 0) < ALERT_THRESHOLD:
TypeError: '<' not supported between instances of 'NoneType' and 'float'

Error in loop: '<' not supported between instances of 'NoneType' and 'float'
Traceback (most recent call last):
  File "/Users/madhavsamalla/Desktop/Road-Raksha/ai_server/main.py", line 254, in generate_frames
    if label == 'Accident' and getattr(track, 'det_conf', 0) < ALERT_THRESHOLD:
TypeError: '<' not supported between instances of 'NoneType' and 'float'

Error in loop: '<' not supported between instances of 'NoneType' and 'float'
Traceback (most recent call last):
  File "/Users/madhavsamalla/Desktop/Road-Raksha/ai_server/main.py", line 254, in generate_frames
    if label == 'Accident' and getattr(track, 'det_conf', 0) < ALERT_THRESHOLD:
TypeError: '<' not supported between instances of 'NoneType' and 'float'

Error in loop: '<' not supported between instances of 'NoneType' and 'float'
Traceback (most recent call last):
  File "/Users/madhavsamalla/Desktop/Road-Raksha/ai_server/main.py", line 254, in generate_frames
    if label == 'Accident' and getattr(track, 'det_conf', 0) < ALERT_THRESHOLD:
TypeError: '<' not supported between instances of 'NoneType' and 'float'

Error in loop: '<' not supported between instances of 'NoneType' and 'float'
Traceback (most recent call last):
  File "/Users/madhavsamalla/Desktop/Road-Raksha/ai_server/main.py", line 254, in generate_frames
    if label == 'Accident' and getattr(track, 'det_conf', 0) < ALERT_THRESHOLD:
TypeError: '<' not supported between instances of 'NoneType' and 'float'

Error in loop: '<' not supported between instances of 'NoneType' and 'float'
Traceback (most recent call last):
  File "/Users/madhavsamalla/Desktop/Road-Raksha/ai_server/main.py", line 254, in generate_frames
    if label == 'Accident' and getattr(track, 'det_conf', 0) < ALERT_THRESHOLD:
TypeError: '<' not supported between instances of 'NoneType' and 'float'

Error in loop: '<' not supported between instances of 'NoneType' and 'float'
Traceback (most recent call last):
  File "/Users/madhavsamalla/Desktop/Road-Raksha/ai_server/main.py", line 254, in generate_frames
    if label == 'Accident' and getattr(track, 'det_conf', 0) < ALERT_THRESHOLD:
TypeError: '<' not supported between instances of 'NoneType' and 'float'

Error in loop: '<' not supported between instances of 'NoneType' and 'float'
Traceback (most recent call last):
  File "/Users/madhavsamalla/Desktop/Road-Raksha/ai_server/main.py", line 254, in generate_frames
    if label == 'Accident' and getattr(track, 'det_conf', 0) < ALERT_THRESHOLD:
TypeError: '<' not supported between instances of 'NoneType' and 'float'

Error in loop: '<' not supported between instances of 'NoneType' and 'float'
Traceback (most recent call last):
  File "/Users/madhavsamalla/Desktop/Road-Raksha/ai_server/main.py", line 254, in generate_frames
    if label == 'Accident' and getattr(track, 'det_conf', 0) < ALERT_THRESHOLD:
TypeError: '<' not supported between instances of 'NoneType' and 'float'

Error in loop: '<' not supported between instances of 'NoneType' and 'float'
Traceback (most recent call last):
  File "/Users/madhavsamalla/Desktop/Road-Raksha/ai_server/main.py", line 254, in generate_frames
    if label == 'Accident' and getattr(track, 'det_conf', 0) < ALERT_THRESHOLD:
TypeError: '<' not supported between instances of 'NoneType' and 'float'

Error in loop: '<' not supported between instances of 'NoneType' and 'float'
Traceback (most recent call last):
  File "/Users/madhavsamalla/Desktop/Road-Raksha/ai_server/main.py", line 254, in generate_frames
    if label == 'Accident' and getattr(track, 'det_conf', 0) < ALERT_THRESHOLD:
TypeError: '<' not supported between instances of 'NoneType' and 'float'

Error in loop: '<' not supported between instances of 'NoneType' and 'float'
Traceback (most recent call last):
  File "/Users/madhavsamalla/Desktop/Road-Raksha/ai_server/main.py", line 254, in generate_frames
    if label == 'Accident' and getattr(track, 'det_conf', 0) < ALERT_THRESHOLD:
TypeError: '<' not supported between instances of 'NoneType' and 'float'

Error in loop: '<' not supported between instances of 'NoneType' and 'float'
Traceback (most recent call last):
  File "/Users/madhavsamalla/Desktop/Road-Raksha/ai_server/main.py", line 254, in generate_frames
    if label == 'Accident' and getattr(track, 'det_conf', 0) < ALERT_THRESHOLD:
TypeError: '<' not supported between instances of 'NoneType' and 'float'

Error in loop: '<' not supported between instances of 'NoneType' and 'float'
Traceback (most recent call last):
  File "/Users/madhavsamalla/Desktop/Road-Raksha/ai_server/main.py", line 254, in generate_frames
    if label == 'Accident' and getattr(track, 'det_conf', 0) < ALERT_THRESHOLD:
TypeError: '<' not supported between instances of 'NoneType' and 'float'

Error in loop: '<' not supported between instances of 'NoneType' and 'float'
Traceback (most recent call last):
  File "/Users/madhavsamalla/Desktop/Road-Raksha/ai_server/main.py", line 254, in generate_frames
    if label == 'Accident' and getattr(track, 'det_conf', 0) < ALERT_THRESHOLD:
TypeError: '<' not supported between instances of 'NoneType' and 'float'

Error in loop: '<' not supported between instances of 'NoneType' and 'float'
Traceback (most recent call last):
  File "/Users/madhavsamalla/Desktop/Road-Raksha/ai_server/main.py", line 254, in generate_frames
    if label == 'Accident' and getattr(track, 'det_conf', 0) < ALERT_THRESHOLD:
TypeError: '<' not supported between instances of 'NoneType' and 'float'

Error in loop: '<' not supported between instances of 'NoneType' and 'float'
Traceback (most recent call last):
  File "/Users/madhavsamalla/Desktop/Road-Raksha/ai_server/main.py", line 254, in generate_frames
    if label == 'Accident' and getattr(track, 'det_conf', 0) < ALERT_THRESHOLD:
TypeError: '<' not supported between instances of 'NoneType' and 'float'

Error in loop: '<' not supported between instances of 'NoneType' and 'float'
Traceback (most recent call last):
  File "/Users/madhavsamalla/Desktop/Road-Raksha/ai_server/main.py", line 254, in generate_frames
    if label == 'Accident' and getattr(track, 'det_conf', 0) < ALERT_THRESHOLD:
TypeError: '<' not supported between instances of 'NoneType' and 'float'

Error in loop: '<' not supported between instances of 'NoneType' and 'float'
Traceback (most recent call last):
  File "/Users/madhavsamalla/Desktop/Road-Raksha/ai_server/main.py", line 254, in generate_frames
    if label == 'Accident' and getattr(track, 'det_conf', 0) < ALERT_THRESHOLD:
TypeError: '<' not supported between instances of 'NoneType' and 'float'

Error in loop: '<' not supported between instances of 'NoneType' and 'float'
Traceback (most recent call last):
  File "/Users/madhavsamalla/Desktop/Road-Raksha/ai_server/main.py", line 254, in generate_frames
    if label == 'Accident' and getattr(track, 'det_conf', 0) < ALERT_THRESHOLD:
TypeError: '<' not supported between instances of 'NoneType' and 'float'

Error in loop: '<' not supported between instances of 'NoneType' and 'float'
Traceback (most recent call last):
  File "/Users/madhavsamalla/Desktop/Road-Raksha/ai_server/main.py", line 254, in generate_frames
    if label == 'Accident' and getattr(track, 'det_conf', 0) < ALERT_THRESHOLD:
TypeError: '<' not supported between instances of 'NoneType' and 'float'

Error in loop: '<' not supported between instances of 'NoneType' and 'float'
Traceback (most recent call last):
  File "/Users/madhavsamalla/Desktop/Road-Raksha/ai_server/main.py", line 254, in generate_frames
    if label == 'Accident' and getattr(track, 'det_conf', 0) < ALERT_THRESHOLD:
TypeError: '<' not supported between instances of 'NoneType' and 'float'

Error in loop: '<' not supported between instances of 'NoneType' and 'float'
Traceback (most recent call last):
  File "/Users/madhavsamalla/Desktop/Road-Raksha/ai_server/main.py", line 254, in generate_frames
    if label == 'Accident' and getattr(track, 'det_conf', 0) < ALERT_THRESHOLD:
TypeError: '<' not supported between instances of 'NoneType' and 'float'

Error in loop: '<' not supported between instances of 'NoneType' and 'float'
Traceback (most recent call last):
  File "/Users/madhavsamalla/Desktop/Road-Raksha/ai_server/main.py", line 254, in generate_frames
    if label == 'Accident' and getattr(track, 'det_conf', 0) < ALERT_THRESHOLD:
TypeError: '<' not supported between instances of 'NoneType' and 'float'

Error in loop: '<' not supported between instances of 'NoneType' and 'float'
Traceback (most recent call last):
  File "/Users/madhavsamalla/Desktop/Road-Raksha/ai_server/main.py", line 254, in generate_frames
    if label == 'Accident' and getattr(track, 'det_conf', 0) < ALERT_THRESHOLD:
TypeError: '<' not supported between instances of 'NoneType' and 'float'

Error in loop: '<' not supported between instances of 'NoneType' and 'float'
Traceback (most recent call last):
  File "/Users/madhavsamalla/Desktop/Road-Raksha/ai_server/main.py", line 254, in generate_frames
    if label == 'Accident' and getattr(track, 'det_conf', 0) < ALERT_THRESHOLD:
TypeError: '<' not supported between instances of 'NoneType' and 'float'

Error in loop: '<' not supported between instances of 'NoneType' and 'float'
Traceback (most recent call last):
  File "/Users/madhavsamalla/Desktop/Road-Raksha/ai_server/main.py", line 254, in generate_frames
    if label == 'Accident' and getattr(track, 'det_conf', 0) < ALERT_THRESHOLD:
TypeError: '<' not supported between instances of 'NoneType' and 'float'

Error in loop: '<' not supported between instances of 'NoneType' and 'float'
Traceback (most recent call last):
  File "/Users/madhavsamalla/Desktop/Road-Raksha/ai_server/main.py", line 254, in generate_frames
    if label == 'Accident' and getattr(track, 'det_conf', 0) < ALERT_THRESHOLD:
TypeError: '<' not supported between instances of 'NoneType' and 'float'

Error in loop: '<' not supported between instances of 'NoneType' and 'float'
Traceback (most recent call last):
  File "/Users/madhavsamalla/Desktop/Road-Raksha/ai_server/main.py", line 254, in generate_frames
    if label == 'Accident' and getattr(track, 'det_conf', 0) < ALERT_THRESHOLD:
TypeError: '<' not supported between instances of 'NoneType' and 'float'

Error in loop: '<' not supported between instances of 'NoneType' and 'float'
Traceback (most recent call last):
  File "/Users/madhavsamalla/Desktop/Road-Raksha/ai_server/main.py", line 254, in generate_frames
    if label == 'Accident' and getattr(track, 'det_conf', 0) < ALERT_THRESHOLD:
TypeError: '<' not supported between instances of 'NoneType' and 'float'

Error in loop: '<' not supported between instances of 'NoneType' and 'float'
Traceback (most recent call last):
  File "/Users/madhavsamalla/Desktop/Road-Raksha/ai_server/main.py", line 254, in generate_frames
    if label == 'Accident' and getattr(track, 'det_conf', 0) < ALERT_THRESHOLD:
TypeError: '<' not supported between instances of 'NoneType' and 'float'

Error in loop: '<' not supported between instances of 'NoneType' and 'float'
Traceback (most recent call last):
  File "/Users/madhavsamalla/Desktop/Road-Raksha/ai_server/main.py", line 254, in generate_frames
    if label == 'Accident' and getattr(track, 'det_conf', 0) < ALERT_THRESHOLD:
TypeError: '<' not supported between instances of 'NoneType' and 'float'

Error in loop: '<' not supported between instances of 'NoneType' and 'float'
Traceback (most recent call last):
  File "/Users/madhavsamalla/Desktop/Road-Raksha/ai_server/main.py", line 254, in generate_frames
    if label == 'Accident' and getattr(track, 'det_conf', 0) < ALERT_THRESHOLD:
TypeError: '<' not supported between instances of 'NoneType' and 'float'

Error in loop: '<' not supported between instances of 'NoneType' and 'float'
Traceback (most recent call last):
  File "/Users/madhavsamalla/Desktop/Road-Raksha/ai_server/main.py", line 254, in generate_frames
    if label == 'Accident' and getattr(track, 'det_conf', 0) < ALERT_THRESHOLD:
TypeError: '<' not supported between instances of 'NoneType' and 'float'

Error in loop: '<' not supported between instances of 'NoneType' and 'float'
Traceback (most recent call last):
  File "/Users/madhavsamalla/Desktop/Road-Raksha/ai_server/main.py", line 254, in generate_frames
    if label == 'Accident' and getattr(track, 'det_conf', 0) < ALERT_THRESHOLD:
TypeError: '<' not supported between instances of 'NoneType' and 'float'

Error in loop: '<' not supported between instances of 'NoneType' and 'float'
Traceback (most recent call last):
  File "/Users/madhavsamalla/Desktop/Road-Raksha/ai_server/main.py", line 254, in generate_frames
    if label == 'Accident' and getattr(track, 'det_conf', 0) < ALERT_THRESHOLD:
TypeError: '<' not supported between instances of 'NoneType' and 'float'

Error in loop: '<' not supported between instances of 'NoneType' and 'float'
Traceback (most recent call last):
  File "/Users/madhavsamalla/Desktop/Road-Raksha/ai_server/main.py", line 254, in generate_frames
    if label == 'Accident' and getattr(track, 'det_conf', 0) < ALERT_THRESHOLD:
TypeError: '<' not supported between instances of 'NoneType' and 'float'

Error in loop: '<' not supported between instances of 'NoneType' and 'float'
Traceback (most recent call last):
  File "/Users/madhavsamalla/Desktop/Road-Raksha/ai_server/main.py", line 254, in generate_frames
    if label == 'Accident' and getattr(track, 'det_conf', 0) < ALERT_THRESHOLD:
TypeError: '<' not supported between instances of 'NoneType' and 'float'

Error in loop: '<' not supported between instances of 'NoneType' and 'float'
Traceback (most recent call last):
  File "/Users/madhavsamalla/Desktop/Road-Raksha/ai_server/main.py", line 254, in generate_frames
    if label == 'Accident' and getattr(track, 'det_conf', 0) < ALERT_THRESHOLD:
TypeError: '<' not supported between instances of 'NoneType' and 'float'

Error in loop: '<' not supported between instances of 'NoneType' and 'float'
Traceback (most recent call last):
  File "/Users/madhavsamalla/Desktop/Road-Raksha/ai_server/main.py", line 254, in generate_frames
    if label == 'Accident' and getattr(track, 'det_conf', 0) < ALERT_THRESHOLD:
TypeError: '<' not supported between instances of 'NoneType' and 'float'

Error in loop: '<' not supported between instances of 'NoneType' and 'float'
Traceback (most recent call last):
  File "/Users/madhavsamalla/Desktop/Road-Raksha/ai_server/main.py", line 254, in generate_frames
    if label == 'Accident' and getattr(track, 'det_conf', 0) < ALERT_THRESHOLD:
TypeError: '<' not supported between instances of 'NoneType' and 'float'

Error in loop: '<' not supported between instances of 'NoneType' and 'float'
Traceback (most recent call last):
  File "/Users/madhavsamalla/Desktop/Road-Raksha/ai_server/main.py", line 254, in generate_frames
    if label == 'Accident' and getattr(track, 'det_conf', 0) < ALERT_THRESHOLD:
TypeError: '<' not supported between instances of 'NoneType' and 'float'

Error in loop: '<' not supported between instances of 'NoneType' and 'float'
Traceback (most recent call last):
  File "/Users/madhavsamalla/Desktop/Road-Raksha/ai_server/main.py", line 254, in generate_frames
    if label == 'Accident' and getattr(track, 'det_conf', 0) < ALERT_THRESHOLD:
TypeError: '<' not supported between instances of 'NoneType' and 'float'

Error in loop: '<' not supported between instances of 'NoneType' and 'float'
Traceback (most recent call last):
  File "/Users/madhavsamalla/Desktop/Road-Raksha/ai_server/main.py", line 254, in generate_frames
    if label == 'Accident' and getattr(track, 'det_conf', 0) < ALERT_THRESHOLD:
TypeError: '<' not supported between instances of 'NoneType' and 'float'

Error in loop: '<' not supported between instances of 'NoneType' and 'float'
Traceback (most recent call last):
  File "/Users/madhavsamalla/Desktop/Road-Raksha/ai_server/main.py", line 254, in generate_frames
    if label == 'Accident' and getattr(track, 'det_conf', 0) < ALERT_THRESHOLD:
TypeError: '<' not supported between instances of 'NoneType' and 'float'

Error in loop: '<' not supported between instances of 'NoneType' and 'float'
Traceback (most recent call last):
  File "/Users/madhavsamalla/Desktop/Road-Raksha/ai_server/main.py", line 254, in generate_frames
    if label == 'Accident' and getattr(track, 'det_conf', 0) < ALERT_THRESHOLD:
TypeError: '<' not supported between instances of 'NoneType' and 'float'

Error in loop: '<' not supported between instances of 'NoneType' and 'float'
Traceback (most recent call last):
  File "/Users/madhavsamalla/Desktop/Road-Raksha/ai_server/main.py", line 254, in generate_frames
    if label == 'Accident' and getattr(track, 'det_conf', 0) < ALERT_THRESHOLD:
TypeError: '<' not supported between instances of 'NoneType' and 'float'

Error in loop: '<' not supported between instances of 'NoneType' and 'float'
Traceback (most recent call last):
  File "/Users/madhavsamalla/Desktop/Road-Raksha/ai_server/main.py", line 254, in generate_frames
    if label == 'Accident' and getattr(track, 'det_conf', 0) < ALERT_THRESHOLD:
TypeError: '<' not supported between instances of 'NoneType' and 'float'

Error in loop: '<' not supported between instances of 'NoneType' and 'float'
Traceback (most recent call last):
  File "/Users/madhavsamalla/Desktop/Road-Raksha/ai_server/main.py", line 254, in generate_frames
    if label == 'Accident' and getattr(track, 'det_conf', 0) < ALERT_THRESHOLD:
TypeError: '<' not supported between instances of 'NoneType' and 'float'

Error in loop: '<' not supported between instances of 'NoneType' and 'float'
Traceback (most recent call last):
  File "/Users/madhavsamalla/Desktop/Road-Raksha/ai_server/main.py", line 254, in generate_frames
    if label == 'Accident' and getattr(track, 'det_conf', 0) < ALERT_THRESHOLD:
TypeError: '<' not supported between instances of 'NoneType' and 'float'

Error in loop: '<' not supported between instances of 'NoneType' and 'float'
Traceback (most recent call last):
  File "/Users/madhavsamalla/Desktop/Road-Raksha/ai_server/main.py", line 254, in generate_frames
    if label == 'Accident' and getattr(track, 'det_conf', 0) < ALERT_THRESHOLD:
TypeError: '<' not supported between instances of 'NoneType' and 'float'

Error in loop: '<' not supported between instances of 'NoneType' and 'float'
Traceback (most recent call last):
  File "/Users/madhavsamalla/Desktop/Road-Raksha/ai_server/main.py", line 254, in generate_frames
    if label == 'Accident' and getattr(track, 'det_conf', 0) < ALERT_THRESHOLD:
TypeError: '<' not supported between instances of 'NoneType' and 'float'

Error in loop: '<' not supported between instances of 'NoneType' and 'float'
Traceback (most recent call last):
  File "/Users/madhavsamalla/Desktop/Road-Raksha/ai_server/main.py", line 254, in generate_frames
    if label == 'Accident' and getattr(track, 'det_conf', 0) < ALERT_THRESHOLD:
TypeError: '<' not supported between instances of 'NoneType' and 'float'

Error in loop: '<' not supported between instances of 'NoneType' and 'float'
Traceback (most recent call last):
  File "/Users/madhavsamalla/Desktop/Road-Raksha/ai_server/main.py", line 254, in generate_frames
    if label == 'Accident' and getattr(track, 'det_conf', 0) < ALERT_THRESHOLD:
TypeError: '<' not supported between instances of 'NoneType' and 'float'

Error in loop: '<' not supported between instances of 'NoneType' and 'float'
Traceback (most recent call last):
  File "/Users/madhavsamalla/Desktop/Road-Raksha/ai_server/main.py", line 254, in generate_frames
    if label == 'Accident' and getattr(track, 'det_conf', 0) < ALERT_THRESHOLD:
TypeError: '<' not supported between instances of 'NoneType' and 'float'

Error in loop: '<' not supported between instances of 'NoneType' and 'float'
Traceback (most recent call last):
  File "/Users/madhavsamalla/Desktop/Road-Raksha/ai_server/main.py", line 254, in generate_frames
    if label == 'Accident' and getattr(track, 'det_conf', 0) < ALERT_THRESHOLD:
TypeError: '<' not supported between instances of 'NoneType' and 'float'

Error in loop: '<' not supported between instances of 'NoneType' and 'float'
Traceback (most recent call last):
  File "/Users/madhavsamalla/Desktop/Road-Raksha/ai_server/main.py", line 254, in generate_frames
    if label == 'Accident' and getattr(track, 'det_conf', 0) < ALERT_THRESHOLD:
TypeError: '<' not supported between instances of 'NoneType' and 'float'

Error in loop: '<' not supported between instances of 'NoneType' and 'float'
Traceback (most recent call last):
  File "/Users/madhavsamalla/Desktop/Road-Raksha/ai_server/main.py", line 254, in generate_frames
    if label == 'Accident' and getattr(track, 'det_conf', 0) < ALERT_THRESHOLD:
TypeError: '<' not supported between instances of 'NoneType' and 'float'

Error in loop: '<' not supported between instances of 'NoneType' and 'float'
Traceback (most recent call last):
  File "/Users/madhavsamalla/Desktop/Road-Raksha/ai_server/main.py", line 254, in generate_frames
    if label == 'Accident' and getattr(track, 'det_conf', 0) < ALERT_THRESHOLD:
TypeError: '<' not supported between instances of 'NoneType' and 'float'

Error in loop: '<' not supported between instances of 'NoneType' and 'float'
Traceback (most recent call last):
  File "/Users/madhavsamalla/Desktop/Road-Raksha/ai_server/main.py", line 254, in generate_frames
    if label == 'Accident' and getattr(track, 'det_conf', 0) < ALERT_THRESHOLD:
TypeError: '<' not supported between instances of 'NoneType' and 'float'

Error in loop: '<' not supported between instances of 'NoneType' and 'float'
Traceback (most recent call last):
  File "/Users/madhavsamalla/Desktop/Road-Raksha/ai_server/main.py", line 254, in generate_frames
    if label == 'Accident' and getattr(track, 'det_conf', 0) < ALERT_THRESHOLD:
TypeError: '<' not supported between instances of 'NoneType' and 'float'

Error in loop: '<' not supported between instances of 'NoneType' and 'float'
Traceback (most recent call last):
  File "/Users/madhavsamalla/Desktop/Road-Raksha/ai_server/main.py", line 254, in generate_frames
    if label == 'Accident' and getattr(track, 'det_conf', 0) < ALERT_THRESHOLD:
TypeError: '<' not supported between instances of 'NoneType' and 'float'

Error in loop: '<' not supported between instances of 'NoneType' and 'float'
Traceback (most recent call last):
  File "/Users/madhavsamalla/Desktop/Road-Raksha/ai_server/main.py", line 254, in generate_frames
    if label == 'Accident' and getattr(track, 'det_conf', 0) < ALERT_THRESHOLD:
TypeError: '<' not supported between instances of 'NoneType' and 'float'

Error in loop: '<' not supported between instances of 'NoneType' and 'float'
Traceback (most recent call last):
  File "/Users/madhavsamalla/Desktop/Road-Raksha/ai_server/main.py", line 254, in generate_frames
    if label == 'Accident' and getattr(track, 'det_conf', 0) < ALERT_THRESHOLD:
TypeError: '<' not supported between instances of 'NoneType' and 'float'

Error in loop: '<' not supported between instances of 'NoneType' and 'float'
Traceback (most recent call last):
  File "/Users/madhavsamalla/Desktop/Road-Raksha/ai_server/main.py", line 254, in generate_frames
    if label == 'Accident' and getattr(track, 'det_conf', 0) < ALERT_THRESHOLD:
TypeError: '<' not supported between instances of 'NoneType' and 'float'

Error in loop: '<' not supported between instances of 'NoneType' and 'float'
Traceback (most recent call last):
  File "/Users/madhavsamalla/Desktop/Road-Raksha/ai_server/main.py", line 254, in generate_frames
    if label == 'Accident' and getattr(track, 'det_conf', 0) < ALERT_THRESHOLD:
TypeError: '<' not supported between instances of 'NoneType' and 'float'

Error in loop: '<' not supported between instances of 'NoneType' and 'float'
Traceback (most recent call last):
  File "/Users/madhavsamalla/Desktop/Road-Raksha/ai_server/main.py", line 254, in generate_frames
    if label == 'Accident' and getattr(track, 'det_conf', 0) < ALERT_THRESHOLD:
TypeError: '<' not supported between instances of 'NoneType' and 'float'

Error in loop: '<' not supported between instances of 'NoneType' and 'float'
Traceback (most recent call last):
  File "/Users/madhavsamalla/Desktop/Road-Raksha/ai_server/main.py", line 254, in generate_frames
    if label == 'Accident' and getattr(track, 'det_conf', 0) < ALERT_THRESHOLD:
TypeError: '<' not supported between instances of 'NoneType' and 'float'

Error in loop: '<' not supported between instances of 'NoneType' and 'float'
Traceback (most recent call last):
  File "/Users/madhavsamalla/Desktop/Road-Raksha/ai_server/main.py", line 254, in generate_frames
    if label == 'Accident' and getattr(track, 'det_conf', 0) < ALERT_THRESHOLD:
TypeError: '<' not supported between instances of 'NoneType' and 'float'

Error in loop: '<' not supported between instances of 'NoneType' and 'float'
Traceback (most recent call last):
  File "/Users/madhavsamalla/Desktop/Road-Raksha/ai_server/main.py", line 254, in generate_frames
    if label == 'Accident' and getattr(track, 'det_conf', 0) < ALERT_THRESHOLD:
TypeError: '<' not supported between instances of 'NoneType' and 'float'

Error in loop: '<' not supported between instances of 'NoneType' and 'float'
Traceback (most recent call last):
  File "/Users/madhavsamalla/Desktop/Road-Raksha/ai_server/main.py", line 254, in generate_frames
    if label == 'Accident' and getattr(track, 'det_conf', 0) < ALERT_THRESHOLD:
TypeError: '<' not supported between instances of 'NoneType' and 'float'

Error in loop: '<' not supported between instances of 'NoneType' and 'float'
Traceback (most recent call last):
  File "/Users/madhavsamalla/Desktop/Road-Raksha/ai_server/main.py", line 254, in generate_frames
    if label == 'Accident' and getattr(track, 'det_conf', 0) < ALERT_THRESHOLD:
TypeError: '<' not supported between instances of 'NoneType' and 'float'

Error in loop: '<' not supported between instances of 'NoneType' and 'float'
Traceback (most recent call last):
  File "/Users/madhavsamalla/Desktop/Road-Raksha/ai_server/main.py", line 254, in generate_frames
    if label == 'Accident' and getattr(track, 'det_conf', 0) < ALERT_THRESHOLD:
TypeError: '<' not supported between instances of 'NoneType' and 'float'

Error in loop: '<' not supported between instances of 'NoneType' and 'float'
Traceback (most recent call last):
  File "/Users/madhavsamalla/Desktop/Road-Raksha/ai_server/main.py", line 254, in generate_frames
    if label == 'Accident' and getattr(track, 'det_conf', 0) < ALERT_THRESHOLD:
TypeError: '<' not supported between instances of 'NoneType' and 'float'

Error in loop: '<' not supported between instances of 'NoneType' and 'float'
Traceback (most recent call last):
  File "/Users/madhavsamalla/Desktop/Road-Raksha/ai_server/main.py", line 254, in generate_frames
    if label == 'Accident' and getattr(track, 'det_conf', 0) < ALERT_THRESHOLD:
TypeError: '<' not supported between instances of 'NoneType' and 'float'

Error in loop: '<' not supported between instances of 'NoneType' and 'float'
Traceback (most recent call last):
  File "/Users/madhavsamalla/Desktop/Road-Raksha/ai_server/main.py", line 254, in generate_frames
    if label == 'Accident' and getattr(track, 'det_conf', 0) < ALERT_THRESHOLD:
TypeError: '<' not supported between instances of 'NoneType' and 'float'

Error in loop: '<' not supported between instances of 'NoneType' and 'float'
Traceback (most recent call last):
  File "/Users/madhavsamalla/Desktop/Road-Raksha/ai_server/main.py", line 254, in generate_frames
    if label == 'Accident' and getattr(track, 'det_conf', 0) < ALERT_THRESHOLD:
TypeError: '<' not supported between instances of 'NoneType' and 'float'

Error in loop: '<' not supported between instances of 'NoneType' and 'float'
Traceback (most recent call last):
  File "/Users/madhavsamalla/Desktop/Road-Raksha/ai_server/main.py", line 254, in generate_frames
    if label == 'Accident' and getattr(track, 'det_conf', 0) < ALERT_THRESHOLD:
TypeError: '<' not supported between instances of 'NoneType' and 'float'

Error in loop: '<' not supported between instances of 'NoneType' and 'float'
Traceback (most recent call last):
  File "/Users/madhavsamalla/Desktop/Road-Raksha/ai_server/main.py", line 254, in generate_frames
    if label == 'Accident' and getattr(track, 'det_conf', 0) < ALERT_THRESHOLD:
TypeError: '<' not supported between instances of 'NoneType' and 'float'

Error in loop: '<' not supported between instances of 'NoneType' and 'float'
Traceback (most recent call last):
  File "/Users/madhavsamalla/Desktop/Road-Raksha/ai_server/main.py", line 254, in generate_frames
    if label == 'Accident' and getattr(track, 'det_conf', 0) < ALERT_THRESHOLD:
TypeError: '<' not supported between instances of 'NoneType' and 'float'

Error in loop: '<' not supported between instances of 'NoneType' and 'float'
Traceback (most recent call last):
  File "/Users/madhavsamalla/Desktop/Road-Raksha/ai_server/main.py", line 254, in generate_frames
    if label == 'Accident' and getattr(track, 'det_conf', 0) < ALERT_THRESHOLD:
TypeError: '<' not supported between instances of 'NoneType' and 'float'

Error in loop: '<' not supported between instances of 'NoneType' and 'float'
Traceback (most recent call last):
  File "/Users/madhavsamalla/Desktop/Road-Raksha/ai_server/main.py", line 254, in generate_frames
    if label == 'Accident' and getattr(track, 'det_conf', 0) < ALERT_THRESHOLD:
TypeError: '<' not supported between instances of 'NoneType' and 'float'

Error in loop: '<' not supported between instances of 'NoneType' and 'float'
Traceback (most recent call last):
  File "/Users/madhavsamalla/Desktop/Road-Raksha/ai_server/main.py", line 254, in generate_frames
    if label == 'Accident' and getattr(track, 'det_conf', 0) < ALERT_THRESHOLD:
TypeError: '<' not supported between instances of 'NoneType' and 'float'

Error in loop: '<' not supported between instances of 'NoneType' and 'float'
Traceback (most recent call last):
  File "/Users/madhavsamalla/Desktop/Road-Raksha/ai_server/main.py", line 254, in generate_frames
    if label == 'Accident' and getattr(track, 'det_conf', 0) < ALERT_THRESHOLD:
TypeError: '<' not supported between instances of 'NoneType' and 'float'

Error in loop: '<' not supported between instances of 'NoneType' and 'float'
Traceback (most recent call last):
  File "/Users/madhavsamalla/Desktop/Road-Raksha/ai_server/main.py", line 254, in generate_frames
    if label == 'Accident' and getattr(track, 'det_conf', 0) < ALERT_THRESHOLD:
TypeError: '<' not supported between instances of 'NoneType' and 'float'

Error in loop: '<' not supported between instances of 'NoneType' and 'float'
Traceback (most recent call last):
  File "/Users/madhavsamalla/Desktop/Road-Raksha/ai_server/main.py", line 254, in generate_frames
    if label == 'Accident' and getattr(track, 'det_conf', 0) < ALERT_THRESHOLD:
TypeError: '<' not supported between instances of 'NoneType' and 'float'

Error in loop: '<' not supported between instances of 'NoneType' and 'float'
Traceback (most recent call last):
  File "/Users/madhavsamalla/Desktop/Road-Raksha/ai_server/main.py", line 254, in generate_frames
    if label == 'Accident' and getattr(track, 'det_conf', 0) < ALERT_THRESHOLD:
TypeError: '<' not supported between instances of 'NoneType' and 'float'

Error in loop: '<' not supported between instances of 'NoneType' and 'float'
Traceback (most recent call last):
  File "/Users/madhavsamalla/Desktop/Road-Raksha/ai_server/main.py", line 254, in generate_frames
    if label == 'Accident' and getattr(track, 'det_conf', 0) < ALERT_THRESHOLD:
TypeError: '<' not supported between instances of 'NoneType' and 'float'

Error in loop: '<' not supported between instances of 'NoneType' and 'float'
Traceback (most recent call last):
  File "/Users/madhavsamalla/Desktop/Road-Raksha/ai_server/main.py", line 254, in generate_frames
    if label == 'Accident' and getattr(track, 'det_conf', 0) < ALERT_THRESHOLD:
TypeError: '<' not supported between instances of 'NoneType' and 'float'

Error in loop: '<' not supported between instances of 'NoneType' and 'float'
Traceback (most recent call last):
  File "/Users/madhavsamalla/Desktop/Road-Raksha/ai_server/main.py", line 254, in generate_frames
    if label == 'Accident' and getattr(track, 'det_conf', 0) < ALERT_THRESHOLD:
TypeError: '<' not supported between instances of 'NoneType' and 'float'

Error in loop: '<' not supported between instances of 'NoneType' and 'float'
Traceback (most recent call last):
  File "/Users/madhavsamalla/Desktop/Road-Raksha/ai_server/main.py", line 254, in generate_frames
    if label == 'Accident' and getattr(track, 'det_conf', 0) < ALERT_THRESHOLD:
TypeError: '<' not supported between instances of 'NoneType' and 'float'

Error in loop: '<' not supported between instances of 'NoneType' and 'float'
Traceback (most recent call last):
  File "/Users/madhavsamalla/Desktop/Road-Raksha/ai_server/main.py", line 254, in generate_frames
    if label == 'Accident' and getattr(track, 'det_conf', 0) < ALERT_THRESHOLD:
TypeError: '<' not supported between instances of 'NoneType' and 'float'

Error in loop: '<' not supported between instances of 'NoneType' and 'float'
Traceback (most recent call last):
  File "/Users/madhavsamalla/Desktop/Road-Raksha/ai_server/main.py", line 254, in generate_frames
    if label == 'Accident' and getattr(track, 'det_conf', 0) < ALERT_THRESHOLD:
TypeError: '<' not supported between instances of 'NoneType' and 'float'

Error in loop: '<' not supported between instances of 'NoneType' and 'float'
Traceback (most recent call last):
  File "/Users/madhavsamalla/Desktop/Road-Raksha/ai_server/main.py", line 254, in generate_frames
    if label == 'Accident' and getattr(track, 'det_conf', 0) < ALERT_THRESHOLD:
TypeError: '<' not supported between instances of 'NoneType' and 'float'

Error in loop: '<' not supported between instances of 'NoneType' and 'float'
Traceback (most recent call last):
  File "/Users/madhavsamalla/Desktop/Road-Raksha/ai_server/main.py", line 254, in generate_frames
    if label == 'Accident' and getattr(track, 'det_conf', 0) < ALERT_THRESHOLD:
TypeError: '<' not supported between instances of 'NoneType' and 'float'

Error in loop: '<' not supported between instances of 'NoneType' and 'float'
Traceback (most recent call last):
  File "/Users/madhavsamalla/Desktop/Road-Raksha/ai_server/main.py", line 254, in generate_frames
    if label == 'Accident' and getattr(track, 'det_conf', 0) < ALERT_THRESHOLD:
TypeError: '<' not supported between instances of 'NoneType' and 'float'

Error in loop: '<' not supported between instances of 'NoneType' and 'float'
Traceback (most recent call last):
  File "/Users/madhavsamalla/Desktop/Road-Raksha/ai_server/main.py", line 254, in generate_frames
    if label == 'Accident' and getattr(track, 'det_conf', 0) < ALERT_THRESHOLD:
TypeError: '<' not supported between instances of 'NoneType' and 'float'

Error in loop: '<' not supported between instances of 'NoneType' and 'float'
Traceback (most recent call last):
  File "/Users/madhavsamalla/Desktop/Road-Raksha/ai_server/main.py", line 254, in generate_frames
    if label == 'Accident' and getattr(track, 'det_conf', 0) < ALERT_THRESHOLD:
TypeError: '<' not supported between instances of 'NoneType' and 'float'

Error in loop: '<' not supported between instances of 'NoneType' and 'float'
Traceback (most recent call last):
  File "/Users/madhavsamalla/Desktop/Road-Raksha/ai_server/main.py", line 254, in generate_frames
    if label == 'Accident' and getattr(track, 'det_conf', 0) < ALERT_THRESHOLD:
TypeError: '<' not supported between instances of 'NoneType' and 'float'

Error in loop: '<' not supported between instances of 'NoneType' and 'float'
Traceback (most recent call last):
  File "/Users/madhavsamalla/Desktop/Road-Raksha/ai_server/main.py", line 254, in generate_frames
    if label == 'Accident' and getattr(track, 'det_conf', 0) < ALERT_THRESHOLD:
TypeError: '<' not supported between instances of 'NoneType' and 'float'

Error in loop: '<' not supported between instances of 'NoneType' and 'float'
Traceback (most recent call last):
  File "/Users/madhavsamalla/Desktop/Road-Raksha/ai_server/main.py", line 254, in generate_frames
    if label == 'Accident' and getattr(track, 'det_conf', 0) < ALERT_THRESHOLD:
TypeError: '<' not supported between instances of 'NoneType' and 'float'

Error in loop: '<' not supported between instances of 'NoneType' and 'float'
Traceback (most recent call last):
  File "/Users/madhavsamalla/Desktop/Road-Raksha/ai_server/main.py", line 254, in generate_frames
    if label == 'Accident' and getattr(track, 'det_conf', 0) < ALERT_THRESHOLD:
TypeError: '<' not supported between instances of 'NoneType' and 'float'

Error in loop: '<' not supported between instances of 'NoneType' and 'float'
Traceback (most recent call last):
  File "/Users/madhavsamalla/Desktop/Road-Raksha/ai_server/main.py", line 254, in generate_frames
    if label == 'Accident' and getattr(track, 'det_conf', 0) < ALERT_THRESHOLD:
TypeError: '<' not supported between instances of 'NoneType' and 'float'

Error in loop: '<' not supported between instances of 'NoneType' and 'float'
Traceback (most recent call last):
  File "/Users/madhavsamalla/Desktop/Road-Raksha/ai_server/main.py", line 254, in generate_frames
    if label == 'Accident' and getattr(track, 'det_conf', 0) < ALERT_THRESHOLD:
TypeError: '<' not supported between instances of 'NoneType' and 'float'

Error in loop: '<' not supported between instances of 'NoneType' and 'float'
Traceback (most recent call last):
  File "/Users/madhavsamalla/Desktop/Road-Raksha/ai_server/main.py", line 254, in generate_frames
    if label == 'Accident' and getattr(track, 'det_conf', 0) < ALERT_THRESHOLD:
TypeError: '<' not supported between instances of 'NoneType' and 'float'

Error in loop: '<' not supported between instances of 'NoneType' and 'float'
Traceback (most recent call last):
  File "/Users/madhavsamalla/Desktop/Road-Raksha/ai_server/main.py", line 254, in generate_frames
    if label == 'Accident' and getattr(track, 'det_conf', 0) < ALERT_THRESHOLD:
TypeError: '<' not supported between instances of 'NoneType' and 'float'

Error in loop: '<' not supported between instances of 'NoneType' and 'float'
Traceback (most recent call last):
  File "/Users/madhavsamalla/Desktop/Road-Raksha/ai_server/main.py", line 254, in generate_frames
    if label == 'Accident' and getattr(track, 'det_conf', 0) < ALERT_THRESHOLD:
TypeError: '<' not supported between instances of 'NoneType' and 'float'

Error in loop: '<' not supported between instances of 'NoneType' and 'float'
Traceback (most recent call last):
  File "/Users/madhavsamalla/Desktop/Road-Raksha/ai_server/main.py", line 254, in generate_frames
    if label == 'Accident' and getattr(track, 'det_conf', 0) < ALERT_THRESHOLD:
TypeError: '<' not supported between instances of 'NoneType' and 'float'

Error in loop: '<' not supported between instances of 'NoneType' and 'float'
Traceback (most recent call last):
  File "/Users/madhavsamalla/Desktop/Road-Raksha/ai_server/main.py", line 254, in generate_frames
    if label == 'Accident' and getattr(track, 'det_conf', 0) < ALERT_THRESHOLD:
TypeError: '<' not supported between instances of 'NoneType' and 'float'

Error in loop: '<' not supported between instances of 'NoneType' and 'float'
Traceback (most recent call last):
  File "/Users/madhavsamalla/Desktop/Road-Raksha/ai_server/main.py", line 254, in generate_frames
    if label == 'Accident' and getattr(track, 'det_conf', 0) < ALERT_THRESHOLD:
TypeError: '<' not supported between instances of 'NoneType' and 'float'

Error in loop: '<' not supported between instances of 'NoneType' and 'float'
Traceback (most recent call last):
  File "/Users/madhavsamalla/Desktop/Road-Raksha/ai_server/main.py", line 254, in generate_frames
    if label == 'Accident' and getattr(track, 'det_conf', 0) < ALERT_THRESHOLD:
TypeError: '<' not supported between instances of 'NoneType' and 'float'

Error in loop: '<' not supported between instances of 'NoneType' and 'float'
Traceback (most recent call last):
  File "/Users/madhavsamalla/Desktop/Road-Raksha/ai_server/main.py", line 254, in generate_frames
    if label == 'Accident' and getattr(track, 'det_conf', 0) < ALERT_THRESHOLD:
TypeError: '<' not supported between instances of 'NoneType' and 'float'

Error in loop: '<' not supported between instances of 'NoneType' and 'float'
Traceback (most recent call last):
  File "/Users/madhavsamalla/Desktop/Road-Raksha/ai_server/main.py", line 254, in generate_frames
    if label == 'Accident' and getattr(track, 'det_conf', 0) < ALERT_THRESHOLD:
TypeError: '<' not supported between instances of 'NoneType' and 'float'

Error in loop: '<' not supported between instances of 'NoneType' and 'float'
Traceback (most recent call last):
  File "/Users/madhavsamalla/Desktop/Road-Raksha/ai_server/main.py", line 254, in generate_frames
    if label == 'Accident' and getattr(track, 'det_conf', 0) < ALERT_THRESHOLD:
TypeError: '<' not supported between instances of 'NoneType' and 'float'

Error in loop: '<' not supported between instances of 'NoneType' and 'float'
Traceback (most recent call last):
  File "/Users/madhavsamalla/Desktop/Road-Raksha/ai_server/main.py", line 254, in generate_frames
    if label == 'Accident' and getattr(track, 'det_conf', 0) < ALERT_THRESHOLD:
TypeError: '<' not supported between instances of 'NoneType' and 'float'

Error in loop: '<' not supported between instances of 'NoneType' and 'float'
Traceback (most recent call last):
  File "/Users/madhavsamalla/Desktop/Road-Raksha/ai_server/main.py", line 254, in generate_frames
    if label == 'Accident' and getattr(track, 'det_conf', 0) < ALERT_THRESHOLD:
TypeError: '<' not supported between instances of 'NoneType' and 'float'

Error in loop: '<' not supported between instances of 'NoneType' and 'float'
Traceback (most recent call last):
  File "/Users/madhavsamalla/Desktop/Road-Raksha/ai_server/main.py", line 254, in generate_frames
    if label == 'Accident' and getattr(track, 'det_conf', 0) < ALERT_THRESHOLD:
TypeError: '<' not supported between instances of 'NoneType' and 'float'

Error in loop: '<' not supported between instances of 'NoneType' and 'float'
Traceback (most recent call last):
  File "/Users/madhavsamalla/Desktop/Road-Raksha/ai_server/main.py", line 254, in generate_frames
    if label == 'Accident' and getattr(track, 'det_conf', 0) < ALERT_THRESHOLD:
TypeError: '<' not supported between instances of 'NoneType' and 'float'

Error in loop: '<' not supported between instances of 'NoneType' and 'float'
Traceback (most recent call last):
  File "/Users/madhavsamalla/Desktop/Road-Raksha/ai_server/main.py", line 254, in generate_frames
    if label == 'Accident' and getattr(track, 'det_conf', 0) < ALERT_THRESHOLD:
TypeError: '<' not supported between instances of 'NoneType' and 'float'

Error in loop: '<' not supported between instances of 'NoneType' and 'float'
Traceback (most recent call last):
  File "/Users/madhavsamalla/Desktop/Road-Raksha/ai_server/main.py", line 254, in generate_frames
    if label == 'Accident' and getattr(track, 'det_conf', 0) < ALERT_THRESHOLD:
TypeError: '<' not supported between instances of 'NoneType' and 'float'

Error in loop: '<' not supported between instances of 'NoneType' and 'float'
Traceback (most recent call last):
  File "/Users/madhavsamalla/Desktop/Road-Raksha/ai_server/main.py", line 254, in generate_frames
    if label == 'Accident' and getattr(track, 'det_conf', 0) < ALERT_THRESHOLD:
TypeError: '<' not supported between instances of 'NoneType' and 'float'

Error in loop: '<' not supported between instances of 'NoneType' and 'float'
Traceback (most recent call last):
  File "/Users/madhavsamalla/Desktop/Road-Raksha/ai_server/main.py", line 254, in generate_frames
    if label == 'Accident' and getattr(track, 'det_conf', 0) < ALERT_THRESHOLD:
TypeError: '<' not supported between instances of 'NoneType' and 'float'

Error in loop: '<' not supported between instances of 'NoneType' and 'float'
Traceback (most recent call last):
  File "/Users/madhavsamalla/Desktop/Road-Raksha/ai_server/main.py", line 254, in generate_frames
    if label == 'Accident' and getattr(track, 'det_conf', 0) < ALERT_THRESHOLD:
TypeError: '<' not supported between instances of 'NoneType' and 'float'

Error in loop: '<' not supported between instances of 'NoneType' and 'float'
Traceback (most recent call last):
  File "/Users/madhavsamalla/Desktop/Road-Raksha/ai_server/main.py", line 254, in generate_frames
    if label == 'Accident' and getattr(track, 'det_conf', 0) < ALERT_THRESHOLD:
TypeError: '<' not supported between instances of 'NoneType' and 'float'

Error in loop: '<' not supported between instances of 'NoneType' and 'float'
Traceback (most recent call last):
  File "/Users/madhavsamalla/Desktop/Road-Raksha/ai_server/main.py", line 254, in generate_frames
    if label == 'Accident' and getattr(track, 'det_conf', 0) < ALERT_THRESHOLD:
TypeError: '<' not supported between instances of 'NoneType' and 'float'

Error in loop: '<' not supported between instances of 'NoneType' and 'float'
Traceback (most recent call last):
  File "/Users/madhavsamalla/Desktop/Road-Raksha/ai_server/main.py", line 254, in generate_frames
    if label == 'Accident' and getattr(track, 'det_conf', 0) < ALERT_THRESHOLD:
TypeError: '<' not supported between instances of 'NoneType' and 'float'

Error in loop: '<' not supported between instances of 'NoneType' and 'float'
Traceback (most recent call last):
  File "/Users/madhavsamalla/Desktop/Road-Raksha/ai_server/main.py", line 254, in generate_frames
    if label == 'Accident' and getattr(track, 'det_conf', 0) < ALERT_THRESHOLD:
TypeError: '<' not supported between instances of 'NoneType' and 'float'

Error in loop: '<' not supported between instances of 'NoneType' and 'float'
Traceback (most recent call last):
  File "/Users/madhavsamalla/Desktop/Road-Raksha/ai_server/main.py", line 254, in generate_frames
    if label == 'Accident' and getattr(track, 'det_conf', 0) < ALERT_THRESHOLD:
TypeError: '<' not supported between instances of 'NoneType' and 'float'

Error in loop: '<' not supported between instances of 'NoneType' and 'float'
Traceback (most recent call last):
  File "/Users/madhavsamalla/Desktop/Road-Raksha/ai_server/main.py", line 254, in generate_frames
    if label == 'Accident' and getattr(track, 'det_conf', 0) < ALERT_THRESHOLD:
TypeError: '<' not supported between instances of 'NoneType' and 'float'

Error in loop: '<' not supported between instances of 'NoneType' and 'float'
Traceback (most recent call last):
  File "/Users/madhavsamalla/Desktop/Road-Raksha/ai_server/main.py", line 254, in generate_frames
    if label == 'Accident' and getattr(track, 'det_conf', 0) < ALERT_THRESHOLD:
TypeError: '<' not supported between instances of 'NoneType' and 'float'

Error in loop: '<' not supported between instances of 'NoneType' and 'float'
Traceback (most recent call last):
  File "/Users/madhavsamalla/Desktop/Road-Raksha/ai_server/main.py", line 254, in generate_frames
    if label == 'Accident' and getattr(track, 'det_conf', 0) < ALERT_THRESHOLD:
TypeError: '<' not supported between instances of 'NoneType' and 'float'

Error in loop: '<' not supported between instances of 'NoneType' and 'float'
Traceback (most recent call last):
  File "/Users/madhavsamalla/Desktop/Road-Raksha/ai_server/main.py", line 254, in generate_frames
    if label == 'Accident' and getattr(track, 'det_conf', 0) < ALERT_THRESHOLD:
TypeError: '<' not supported between instances of 'NoneType' and 'float'

Error in loop: '<' not supported between instances of 'NoneType' and 'float'
Traceback (most recent call last):
  File "/Users/madhavsamalla/Desktop/Road-Raksha/ai_server/main.py", line 254, in generate_frames
    if label == 'Accident' and getattr(track, 'det_conf', 0) < ALERT_THRESHOLD:
TypeError: '<' not supported between instances of 'NoneType' and 'float'

Error in loop: '<' not supported between instances of 'NoneType' and 'float'
Traceback (most recent call last):
  File "/Users/madhavsamalla/Desktop/Road-Raksha/ai_server/main.py", line 254, in generate_frames
    if label == 'Accident' and getattr(track, 'det_conf', 0) < ALERT_THRESHOLD:
TypeError: '<' not supported between instances of 'NoneType' and 'float'

Error in loop: '<' not supported between instances of 'NoneType' and 'float'
Traceback (most recent call last):
  File "/Users/madhavsamalla/Desktop/Road-Raksha/ai_server/main.py", line 254, in generate_frames
    if label == 'Accident' and getattr(track, 'det_conf', 0) < ALERT_THRESHOLD:
TypeError: '<' not supported between instances of 'NoneType' and 'float'

Error in loop: '<' not supported between instances of 'NoneType' and 'float'
Traceback (most recent call last):
  File "/Users/madhavsamalla/Desktop/Road-Raksha/ai_server/main.py", line 254, in generate_frames
    if label == 'Accident' and getattr(track, 'det_conf', 0) < ALERT_THRESHOLD:
TypeError: '<' not supported between instances of 'NoneType' and 'float'

Error in loop: '<' not supported between instances of 'NoneType' and 'float'
Traceback (most recent call last):
  File "/Users/madhavsamalla/Desktop/Road-Raksha/ai_server/main.py", line 254, in generate_frames
    if label == 'Accident' and getattr(track, 'det_conf', 0) < ALERT_THRESHOLD:
TypeError: '<' not supported between instances of 'NoneType' and 'float'

Error in loop: '<' not supported between instances of 'NoneType' and 'float'
Traceback (most recent call last):
  File "/Users/madhavsamalla/Desktop/Road-Raksha/ai_server/main.py", line 254, in generate_frames
    if label == 'Accident' and getattr(track, 'det_conf', 0) < ALERT_THRESHOLD:
TypeError: '<' not supported between instances of 'NoneType' and 'float'

Error in loop: '<' not supported between instances of 'NoneType' and 'float'
Traceback (most recent call last):
  File "/Users/madhavsamalla/Desktop/Road-Raksha/ai_server/main.py", line 254, in generate_frames
    if label == 'Accident' and getattr(track, 'det_conf', 0) < ALERT_THRESHOLD:
TypeError: '<' not supported between instances of 'NoneType' and 'float'

Error in loop: '<' not supported between instances of 'NoneType' and 'float'
Traceback (most recent call last):
  File "/Users/madhavsamalla/Desktop/Road-Raksha/ai_server/main.py", line 254, in generate_frames
    if label == 'Accident' and getattr(track, 'det_conf', 0) < ALERT_THRESHOLD:
TypeError: '<' not supported between instances of 'NoneType' and 'float'

Error in loop: '<' not supported between instances of 'NoneType' and 'float'
Traceback (most recent call last):
  File "/Users/madhavsamalla/Desktop/Road-Raksha/ai_server/main.py", line 254, in generate_frames
    if label == 'Accident' and getattr(track, 'det_conf', 0) < ALERT_THRESHOLD:
TypeError: '<' not supported between instances of 'NoneType' and 'float'

Error in loop: '<' not supported between instances of 'NoneType' and 'float'
Traceback (most recent call last):
  File "/Users/madhavsamalla/Desktop/Road-Raksha/ai_server/main.py", line 254, in generate_frames
    if label == 'Accident' and getattr(track, 'det_conf', 0) < ALERT_THRESHOLD:
TypeError: '<' not supported between instances of 'NoneType' and 'float'

Error in loop: '<' not supported between instances of 'NoneType' and 'float'
Traceback (most recent call last):
  File "/Users/madhavsamalla/Desktop/Road-Raksha/ai_server/main.py", line 254, in generate_frames
    if label == 'Accident' and getattr(track, 'det_conf', 0) < ALERT_THRESHOLD:
TypeError: '<' not supported between instances of 'NoneType' and 'float'

Error in loop: '<' not supported between instances of 'NoneType' and 'float'
Traceback (most recent call last):
  File "/Users/madhavsamalla/Desktop/Road-Raksha/ai_server/main.py", line 254, in generate_frames
    if label == 'Accident' and getattr(track, 'det_conf', 0) < ALERT_THRESHOLD:
TypeError: '<' not supported between instances of 'NoneType' and 'float'

Error in loop: '<' not supported between instances of 'NoneType' and 'float'
Traceback (most recent call last):
  File "/Users/madhavsamalla/Desktop/Road-Raksha/ai_server/main.py", line 254, in generate_frames
    if label == 'Accident' and getattr(track, 'det_conf', 0) < ALERT_THRESHOLD:
TypeError: '<' not supported between instances of 'NoneType' and 'float'

Error in loop: '<' not supported between instances of 'NoneType' and 'float'
Traceback (most recent call last):
  File "/Users/madhavsamalla/Desktop/Road-Raksha/ai_server/main.py", line 254, in generate_frames
    if label == 'Accident' and getattr(track, 'det_conf', 0) < ALERT_THRESHOLD:
TypeError: '<' not supported between instances of 'NoneType' and 'float'

Error in loop: '<' not supported between instances of 'NoneType' and 'float'
Traceback (most recent call last):
  File "/Users/madhavsamalla/Desktop/Road-Raksha/ai_server/main.py", line 254, in generate_frames
    if label == 'Accident' and getattr(track, 'det_conf', 0) < ALERT_THRESHOLD:
TypeError: '<' not supported between instances of 'NoneType' and 'float'

Error in loop: '<' not supported between instances of 'NoneType' and 'float'
Traceback (most recent call last):
  File "/Users/madhavsamalla/Desktop/Road-Raksha/ai_server/main.py", line 254, in generate_frames
    if label == 'Accident' and getattr(track, 'det_conf', 0) < ALERT_THRESHOLD:
TypeError: '<' not supported between instances of 'NoneType' and 'float'

Error in loop: '<' not supported between instances of 'NoneType' and 'float'
Traceback (most recent call last):
  File "/Users/madhavsamalla/Desktop/Road-Raksha/ai_server/main.py", line 254, in generate_frames
    if label == 'Accident' and getattr(track, 'det_conf', 0) < ALERT_THRESHOLD:
TypeError: '<' not supported between instances of 'NoneType' and 'float'

Error in loop: '<' not supported between instances of 'NoneType' and 'float'
Traceback (most recent call last):
  File "/Users/madhavsamalla/Desktop/Road-Raksha/ai_server/main.py", line 254, in generate_frames
    if label == 'Accident' and getattr(track, 'det_conf', 0) < ALERT_THRESHOLD:
TypeError: '<' not supported between instances of 'NoneType' and 'float'

Error in loop: '<' not supported between instances of 'NoneType' and 'float'
Traceback (most recent call last):
  File "/Users/madhavsamalla/Desktop/Road-Raksha/ai_server/main.py", line 254, in generate_frames
    if label == 'Accident' and getattr(track, 'det_conf', 0) < ALERT_THRESHOLD:
TypeError: '<' not supported between instances of 'NoneType' and 'float'

Error in loop: '<' not supported between instances of 'NoneType' and 'float'
Traceback (most recent call last):
  File "/Users/madhavsamalla/Desktop/Road-Raksha/ai_server/main.py", line 254, in generate_frames
    if label == 'Accident' and getattr(track, 'det_conf', 0) < ALERT_THRESHOLD:
TypeError: '<' not supported between instances of 'NoneType' and 'float'

Error in loop: '<' not supported between instances of 'NoneType' and 'float'
Traceback (most recent call last):
  File "/Users/madhavsamalla/Desktop/Road-Raksha/ai_server/main.py", line 254, in generate_frames
    if label == 'Accident' and getattr(track, 'det_conf', 0) < ALERT_THRESHOLD:
TypeError: '<' not supported between instances of 'NoneType' and 'float'

Error in loop: '<' not supported between instances of 'NoneType' and 'float'
Traceback (most recent call last):
  File "/Users/madhavsamalla/Desktop/Road-Raksha/ai_server/main.py", line 254, in generate_frames
    if label == 'Accident' and getattr(track, 'det_conf', 0) < ALERT_THRESHOLD:
TypeError: '<' not supported between instances of 'NoneType' and 'float'

Error in loop: '<' not supported between instances of 'NoneType' and 'float'
Traceback (most recent call last):
  File "/Users/madhavsamalla/Desktop/Road-Raksha/ai_server/main.py", line 254, in generate_frames
    if label == 'Accident' and getattr(track, 'det_conf', 0) < ALERT_THRESHOLD:
TypeError: '<' not supported between instances of 'NoneType' and 'float'

Error in loop: '<' not supported between instances of 'NoneType' and 'float'
Traceback (most recent call last):
  File "/Users/madhavsamalla/Desktop/Road-Raksha/ai_server/main.py", line 254, in generate_frames
    if label == 'Accident' and getattr(track, 'det_conf', 0) < ALERT_THRESHOLD:
TypeError: '<' not supported between instances of 'NoneType' and 'float'

Error in loop: '<' not supported between instances of 'NoneType' and 'float'
Traceback (most recent call last):
  File "/Users/madhavsamalla/Desktop/Road-Raksha/ai_server/main.py", line 254, in generate_frames
    if label == 'Accident' and getattr(track, 'det_conf', 0) < ALERT_THRESHOLD:
TypeError: '<' not supported between instances of 'NoneType' and 'float'

Error in loop: '<' not supported between instances of 'NoneType' and 'float'
Traceback (most recent call last):
  File "/Users/madhavsamalla/Desktop/Road-Raksha/ai_server/main.py", line 254, in generate_frames
    if label == 'Accident' and getattr(track, 'det_conf', 0) < ALERT_THRESHOLD:
TypeError: '<' not supported between instances of 'NoneType' and 'float'

Error in loop: '<' not supported between instances of 'NoneType' and 'float'
Traceback (most recent call last):
  File "/Users/madhavsamalla/Desktop/Road-Raksha/ai_server/main.py", line 254, in generate_frames
    if label == 'Accident' and getattr(track, 'det_conf', 0) < ALERT_THRESHOLD:
TypeError: '<' not supported between instances of 'NoneType' and 'float'

Error in loop: '<' not supported between instances of 'NoneType' and 'float'
Traceback (most recent call last):
  File "/Users/madhavsamalla/Desktop/Road-Raksha/ai_server/main.py", line 254, in generate_frames
    if label == 'Accident' and getattr(track, 'det_conf', 0) < ALERT_THRESHOLD:
TypeError: '<' not supported between instances of 'NoneType' and 'float'

Error in loop: '<' not supported between instances of 'NoneType' and 'float'
Traceback (most recent call last):
  File "/Users/madhavsamalla/Desktop/Road-Raksha/ai_server/main.py", line 254, in generate_frames
    if label == 'Accident' and getattr(track, 'det_conf', 0) < ALERT_THRESHOLD:
TypeError: '<' not supported between instances of 'NoneType' and 'float'

Error in loop: '<' not supported between instances of 'NoneType' and 'float'
Traceback (most recent call last):
  File "/Users/madhavsamalla/Desktop/Road-Raksha/ai_server/main.py", line 254, in generate_frames
    if label == 'Accident' and getattr(track, 'det_conf', 0) < ALERT_THRESHOLD:
TypeError: '<' not supported between instances of 'NoneType' and 'float'

Error in loop: '<' not supported between instances of 'NoneType' and 'float'
Traceback (most recent call last):
  File "/Users/madhavsamalla/Desktop/Road-Raksha/ai_server/main.py", line 254, in generate_frames
    if label == 'Accident' and getattr(track, 'det_conf', 0) < ALERT_THRESHOLD:
TypeError: '<' not supported between instances of 'NoneType' and 'float'

Error in loop: '<' not supported between instances of 'NoneType' and 'float'
Traceback (most recent call last):
  File "/Users/madhavsamalla/Desktop/Road-Raksha/ai_server/main.py", line 254, in generate_frames
    if label == 'Accident' and getattr(track, 'det_conf', 0) < ALERT_THRESHOLD:
TypeError: '<' not supported between instances of 'NoneType' and 'float'

Error in loop: '<' not supported between instances of 'NoneType' and 'float'
Traceback (most recent call last):
  File "/Users/madhavsamalla/Desktop/Road-Raksha/ai_server/main.py", line 254, in generate_frames
    if label == 'Accident' and getattr(track, 'det_conf', 0) < ALERT_THRESHOLD:
TypeError: '<' not supported between instances of 'NoneType' and 'float'

Error in loop: '<' not supported between instances of 'NoneType' and 'float'
Traceback (most recent call last):
  File "/Users/madhavsamalla/Desktop/Road-Raksha/ai_server/main.py", line 254, in generate_frames
    if label == 'Accident' and getattr(track, 'det_conf', 0) < ALERT_THRESHOLD:
TypeError: '<' not supported between instances of 'NoneType' and 'float'

Error in loop: '<' not supported between instances of 'NoneType' and 'float'
Traceback (most recent call last):
  File "/Users/madhavsamalla/Desktop/Road-Raksha/ai_server/main.py", line 254, in generate_frames
    if label == 'Accident' and getattr(track, 'det_conf', 0) < ALERT_THRESHOLD:
TypeError: '<' not supported between instances of 'NoneType' and 'float'

Error in loop: '<' not supported between instances of 'NoneType' and 'float'
Traceback (most recent call last):
  File "/Users/madhavsamalla/Desktop/Road-Raksha/ai_server/main.py", line 254, in generate_frames
    if label == 'Accident' and getattr(track, 'det_conf', 0) < ALERT_THRESHOLD:
TypeError: '<' not supported between instances of 'NoneType' and 'float'

Error in loop: '<' not supported between instances of 'NoneType' and 'float'
Traceback (most recent call last):
  File "/Users/madhavsamalla/Desktop/Road-Raksha/ai_server/main.py", line 254, in generate_frames
    if label == 'Accident' and getattr(track, 'det_conf', 0) < ALERT_THRESHOLD:
TypeError: '<' not supported between instances of 'NoneType' and 'float'

Error in loop: '<' not supported between instances of 'NoneType' and 'float'
Traceback (most recent call last):
  File "/Users/madhavsamalla/Desktop/Road-Raksha/ai_server/main.py", line 254, in generate_frames
    if label == 'Accident' and getattr(track, 'det_conf', 0) < ALERT_THRESHOLD:
TypeError: '<' not supported between instances of 'NoneType' and 'float'

Error in loop: '<' not supported between instances of 'NoneType' and 'float'
Traceback (most recent call last):
  File "/Users/madhavsamalla/Desktop/Road-Raksha/ai_server/main.py", line 254, in generate_frames
    if label == 'Accident' and getattr(track, 'det_conf', 0) < ALERT_THRESHOLD:
TypeError: '<' not supported between instances of 'NoneType' and 'float'

Error in loop: '<' not supported between instances of 'NoneType' and 'float'
Traceback (most recent call last):
  File "/Users/madhavsamalla/Desktop/Road-Raksha/ai_server/main.py", line 254, in generate_frames
    if label == 'Accident' and getattr(track, 'det_conf', 0) < ALERT_THRESHOLD:
TypeError: '<' not supported between instances of 'NoneType' and 'float'

Error in loop: '<' not supported between instances of 'NoneType' and 'float'
Traceback (most recent call last):
  File "/Users/madhavsamalla/Desktop/Road-Raksha/ai_server/main.py", line 254, in generate_frames
    if label == 'Accident' and getattr(track, 'det_conf', 0) < ALERT_THRESHOLD:
TypeError: '<' not supported between instances of 'NoneType' and 'float'

Error in loop: '<' not supported between instances of 'NoneType' and 'float'
Traceback (most recent call last):
  File "/Users/madhavsamalla/Desktop/Road-Raksha/ai_server/main.py", line 254, in generate_frames
    if label == 'Accident' and getattr(track, 'det_conf', 0) < ALERT_THRESHOLD:
TypeError: '<' not supported between instances of 'NoneType' and 'float'

Error in loop: '<' not supported between instances of 'NoneType' and 'float'
Traceback (most recent call last):
  File "/Users/madhavsamalla/Desktop/Road-Raksha/ai_server/main.py", line 254, in generate_frames
    if label == 'Accident' and getattr(track, 'det_conf', 0) < ALERT_THRESHOLD:
TypeError: '<' not supported between instances of 'NoneType' and 'float'

Error in loop: '<' not supported between instances of 'NoneType' and 'float'
Traceback (most recent call last):
  File "/Users/madhavsamalla/Desktop/Road-Raksha/ai_server/main.py", line 254, in generate_frames
    if label == 'Accident' and getattr(track, 'det_conf', 0) < ALERT_THRESHOLD:
TypeError: '<' not supported between instances of 'NoneType' and 'float'

Error in loop: '<' not supported between instances of 'NoneType' and 'float'
Traceback (most recent call last):
  File "/Users/madhavsamalla/Desktop/Road-Raksha/ai_server/main.py", line 254, in generate_frames
    if label == 'Accident' and getattr(track, 'det_conf', 0) < ALERT_THRESHOLD:
TypeError: '<' not supported between instances of 'NoneType' and 'float'

Error in loop: '<' not supported between instances of 'NoneType' and 'float'
Traceback (most recent call last):
  File "/Users/madhavsamalla/Desktop/Road-Raksha/ai_server/main.py", line 254, in generate_frames
    if label == 'Accident' and getattr(track, 'det_conf', 0) < ALERT_THRESHOLD:
TypeError: '<' not supported between instances of 'NoneType' and 'float'

Error in loop: '<' not supported between instances of 'NoneType' and 'float'
Traceback (most recent call last):
  File "/Users/madhavsamalla/Desktop/Road-Raksha/ai_server/main.py", line 254, in generate_frames
    if label == 'Accident' and getattr(track, 'det_conf', 0) < ALERT_THRESHOLD:
TypeError: '<' not supported between instances of 'NoneType' and 'float'

Error in loop: '<' not supported between instances of 'NoneType' and 'float'
Traceback (most recent call last):
  File "/Users/madhavsamalla/Desktop/Road-Raksha/ai_server/main.py", line 254, in generate_frames
    if label == 'Accident' and getattr(track, 'det_conf', 0) < ALERT_THRESHOLD:
TypeError: '<' not supported between instances of 'NoneType' and 'float'

Error in loop: '<' not supported between instances of 'NoneType' and 'float'
Traceback (most recent call last):
  File "/Users/madhavsamalla/Desktop/Road-Raksha/ai_server/main.py", line 254, in generate_frames
    if label == 'Accident' and getattr(track, 'det_conf', 0) < ALERT_THRESHOLD:
TypeError: '<' not supported between instances of 'NoneType' and 'float'

Error in loop: '<' not supported between instances of 'NoneType' and 'float'
Traceback (most recent call last):
  File "/Users/madhavsamalla/Desktop/Road-Raksha/ai_server/main.py", line 254, in generate_frames
    if label == 'Accident' and getattr(track, 'det_conf', 0) < ALERT_THRESHOLD:
TypeError: '<' not supported between instances of 'NoneType' and 'float'

Error in loop: '<' not supported between instances of 'NoneType' and 'float'
Traceback (most recent call last):
  File "/Users/madhavsamalla/Desktop/Road-Raksha/ai_server/main.py", line 254, in generate_frames
    if label == 'Accident' and getattr(track, 'det_conf', 0) < ALERT_THRESHOLD:
TypeError: '<' not supported between instances of 'NoneType' and 'float'

Error in loop: '<' not supported between instances of 'NoneType' and 'float'
Traceback (most recent call last):
  File "/Users/madhavsamalla/Desktop/Road-Raksha/ai_server/main.py", line 254, in generate_frames
    if label == 'Accident' and getattr(track, 'det_conf', 0) < ALERT_THRESHOLD:
TypeError: '<' not supported between instances of 'NoneType' and 'float'

Error in loop: '<' not supported between instances of 'NoneType' and 'float'
Traceback (most recent call last):
  File "/Users/madhavsamalla/Desktop/Road-Raksha/ai_server/main.py", line 254, in generate_frames
    if label == 'Accident' and getattr(track, 'det_conf', 0) < ALERT_THRESHOLD:
TypeError: '<' not supported between instances of 'NoneType' and 'float'

Error in loop: '<' not supported between instances of 'NoneType' and 'float'
Traceback (most recent call last):
  File "/Users/madhavsamalla/Desktop/Road-Raksha/ai_server/main.py", line 254, in generate_frames
    if label == 'Accident' and getattr(track, 'det_conf', 0) < ALERT_THRESHOLD:
TypeError: '<' not supported between instances of 'NoneType' and 'float'

Error in loop: '<' not supported between instances of 'NoneType' and 'float'
Traceback (most recent call last):
  File "/Users/madhavsamalla/Desktop/Road-Raksha/ai_server/main.py", line 254, in generate_frames
    if label == 'Accident' and getattr(track, 'det_conf', 0) < ALERT_THRESHOLD:
TypeError: '<' not supported between instances of 'NoneType' and 'float'

Error in loop: '<' not supported between instances of 'NoneType' and 'float'
Traceback (most recent call last):
  File "/Users/madhavsamalla/Desktop/Road-Raksha/ai_server/main.py", line 254, in generate_frames
    if label == 'Accident' and getattr(track, 'det_conf', 0) < ALERT_THRESHOLD:
TypeError: '<' not supported between instances of 'NoneType' and 'float'

Error in loop: '<' not supported between instances of 'NoneType' and 'float'
Traceback (most recent call last):
  File "/Users/madhavsamalla/Desktop/Road-Raksha/ai_server/main.py", line 254, in generate_frames
    if label == 'Accident' and getattr(track, 'det_conf', 0) < ALERT_THRESHOLD:
TypeError: '<' not supported between instances of 'NoneType' and 'float'

Error in loop: '<' not supported between instances of 'NoneType' and 'float'
Traceback (most recent call last):
  File "/Users/madhavsamalla/Desktop/Road-Raksha/ai_server/main.py", line 254, in generate_frames
    if label == 'Accident' and getattr(track, 'det_conf', 0) < ALERT_THRESHOLD:
TypeError: '<' not supported between instances of 'NoneType' and 'float'

Error in loop: '<' not supported between instances of 'NoneType' and 'float'
Traceback (most recent call last):
  File "/Users/madhavsamalla/Desktop/Road-Raksha/ai_server/main.py", line 254, in generate_frames
    if label == 'Accident' and getattr(track, 'det_conf', 0) < ALERT_THRESHOLD:
TypeError: '<' not supported between instances of 'NoneType' and 'float'

Error in loop: '<' not supported between instances of 'NoneType' and 'float'
Traceback (most recent call last):
  File "/Users/madhavsamalla/Desktop/Road-Raksha/ai_server/main.py", line 254, in generate_frames
    if label == 'Accident' and getattr(track, 'det_conf', 0) < ALERT_THRESHOLD:
TypeError: '<' not supported between instances of 'NoneType' and 'float'

Error in loop: '<' not supported between instances of 'NoneType' and 'float'
Traceback (most recent call last):
  File "/Users/madhavsamalla/Desktop/Road-Raksha/ai_server/main.py", line 254, in generate_frames
    if label == 'Accident' and getattr(track, 'det_conf', 0) < ALERT_THRESHOLD:
TypeError: '<' not supported between instances of 'NoneType' and 'float'

Error in loop: '<' not supported between instances of 'NoneType' and 'float'
Traceback (most recent call last):
  File "/Users/madhavsamalla/Desktop/Road-Raksha/ai_server/main.py", line 254, in generate_frames
    if label == 'Accident' and getattr(track, 'det_conf', 0) < ALERT_THRESHOLD:
TypeError: '<' not supported between instances of 'NoneType' and 'float'

Error in loop: '<' not supported between instances of 'NoneType' and 'float'
Traceback (most recent call last):
  File "/Users/madhavsamalla/Desktop/Road-Raksha/ai_server/main.py", line 254, in generate_frames
    if label == 'Accident' and getattr(track, 'det_conf', 0) < ALERT_THRESHOLD:
TypeError: '<' not supported between instances of 'NoneType' and 'float'

Error in loop: '<' not supported between instances of 'NoneType' and 'float'
Traceback (most recent call last):
  File "/Users/madhavsamalla/Desktop/Road-Raksha/ai_server/main.py", line 254, in generate_frames
    if label == 'Accident' and getattr(track, 'det_conf', 0) < ALERT_THRESHOLD:
TypeError: '<' not supported between instances of 'NoneType' and 'float'

Error in loop: '<' not supported between instances of 'NoneType' and 'float'
Traceback (most recent call last):
  File "/Users/madhavsamalla/Desktop/Road-Raksha/ai_server/main.py", line 254, in generate_frames
    if label == 'Accident' and getattr(track, 'det_conf', 0) < ALERT_THRESHOLD:
TypeError: '<' not supported between instances of 'NoneType' and 'float'

Error in loop: '<' not supported between instances of 'NoneType' and 'float'
Traceback (most recent call last):
  File "/Users/madhavsamalla/Desktop/Road-Raksha/ai_server/main.py", line 254, in generate_frames
    if label == 'Accident' and getattr(track, 'det_conf', 0) < ALERT_THRESHOLD:
TypeError: '<' not supported between instances of 'NoneType' and 'float'

Error in loop: '<' not supported between instances of 'NoneType' and 'float'
Traceback (most recent call last):
  File "/Users/madhavsamalla/Desktop/Road-Raksha/ai_server/main.py", line 254, in generate_frames
    if label == 'Accident' and getattr(track, 'det_conf', 0) < ALERT_THRESHOLD:
TypeError: '<' not supported between instances of 'NoneType' and 'float'

Error in loop: '<' not supported between instances of 'NoneType' and 'float'
Traceback (most recent call last):
  File "/Users/madhavsamalla/Desktop/Road-Raksha/ai_server/main.py", line 254, in generate_frames
    if label == 'Accident' and getattr(track, 'det_conf', 0) < ALERT_THRESHOLD:
TypeError: '<' not supported between instances of 'NoneType' and 'float'

Error in loop: '<' not supported between instances of 'NoneType' and 'float'
Traceback (most recent call last):
  File "/Users/madhavsamalla/Desktop/Road-Raksha/ai_server/main.py", line 254, in generate_frames
    if label == 'Accident' and getattr(track, 'det_conf', 0) < ALERT_THRESHOLD:
TypeError: '<' not supported between instances of 'NoneType' and 'float'

Error in loop: '<' not supported between instances of 'NoneType' and 'float'
Traceback (most recent call last):
  File "/Users/madhavsamalla/Desktop/Road-Raksha/ai_server/main.py", line 254, in generate_frames
    if label == 'Accident' and getattr(track, 'det_conf', 0) < ALERT_THRESHOLD:
TypeError: '<' not supported between instances of 'NoneType' and 'float'

Error in loop: '<' not supported between instances of 'NoneType' and 'float'
Traceback (most recent call last):
  File "/Users/madhavsamalla/Desktop/Road-Raksha/ai_server/main.py", line 254, in generate_frames
    if label == 'Accident' and getattr(track, 'det_conf', 0) < ALERT_THRESHOLD:
TypeError: '<' not supported between instances of 'NoneType' and 'float'

Error in loop: '<' not supported between instances of 'NoneType' and 'float'
Traceback (most recent call last):
  File "/Users/madhavsamalla/Desktop/Road-Raksha/ai_server/main.py", line 254, in generate_frames
    if label == 'Accident' and getattr(track, 'det_conf', 0) < ALERT_THRESHOLD:
TypeError: '<' not supported between instances of 'NoneType' and 'float'

Error in loop: '<' not supported between instances of 'NoneType' and 'float'
Traceback (most recent call last):
  File "/Users/madhavsamalla/Desktop/Road-Raksha/ai_server/main.py", line 254, in generate_frames
    if label == 'Accident' and getattr(track, 'det_conf', 0) < ALERT_THRESHOLD:
TypeError: '<' not supported between instances of 'NoneType' and 'float'

Error in loop: '<' not supported between instances of 'NoneType' and 'float'
Traceback (most recent call last):
  File "/Users/madhavsamalla/Desktop/Road-Raksha/ai_server/main.py", line 254, in generate_frames
    if label == 'Accident' and getattr(track, 'det_conf', 0) < ALERT_THRESHOLD:
TypeError: '<' not supported between instances of 'NoneType' and 'float'

Error in loop: '<' not supported between instances of 'NoneType' and 'float'
Traceback (most recent call last):
  File "/Users/madhavsamalla/Desktop/Road-Raksha/ai_server/main.py", line 254, in generate_frames
    if label == 'Accident' and getattr(track, 'det_conf', 0) < ALERT_THRESHOLD:
TypeError: '<' not supported between instances of 'NoneType' and 'float'

Error in loop: '<' not supported between instances of 'NoneType' and 'float'
Traceback (most recent call last):
  File "/Users/madhavsamalla/Desktop/Road-Raksha/ai_server/main.py", line 254, in generate_frames
    if label == 'Accident' and getattr(track, 'det_conf', 0) < ALERT_THRESHOLD:
TypeError: '<' not supported between instances of 'NoneType' and 'float'

Error in loop: '<' not supported between instances of 'NoneType' and 'float'
Traceback (most recent call last):
  File "/Users/madhavsamalla/Desktop/Road-Raksha/ai_server/main.py", line 254, in generate_frames
    if label == 'Accident' and getattr(track, 'det_conf', 0) < ALERT_THRESHOLD:
TypeError: '<' not supported between instances of 'NoneType' and 'float'

Error in loop: '<' not supported between instances of 'NoneType' and 'float'
Traceback (most recent call last):
  File "/Users/madhavsamalla/Desktop/Road-Raksha/ai_server/main.py", line 254, in generate_frames
    if label == 'Accident' and getattr(track, 'det_conf', 0) < ALERT_THRESHOLD:
TypeError: '<' not supported between instances of 'NoneType' and 'float'

Error in loop: '<' not supported between instances of 'NoneType' and 'float'
Traceback (most recent call last):
  File "/Users/madhavsamalla/Desktop/Road-Raksha/ai_server/main.py", line 254, in generate_frames
    if label == 'Accident' and getattr(track, 'det_conf', 0) < ALERT_THRESHOLD:
TypeError: '<' not supported between instances of 'NoneType' and 'float'

Error in loop: '<' not supported between instances of 'NoneType' and 'float'
Traceback (most recent call last):
  File "/Users/madhavsamalla/Desktop/Road-Raksha/ai_server/main.py", line 254, in generate_frames
    if label == 'Accident' and getattr(track, 'det_conf', 0) < ALERT_THRESHOLD:
TypeError: '<' not supported between instances of 'NoneType' and 'float'

Error in loop: '<' not supported between instances of 'NoneType' and 'float'
Traceback (most recent call last):
  File "/Users/madhavsamalla/Desktop/Road-Raksha/ai_server/main.py", line 254, in generate_frames
    if label == 'Accident' and getattr(track, 'det_conf', 0) < ALERT_THRESHOLD:
TypeError: '<' not supported between instances of 'NoneType' and 'float'

Error in loop: '<' not supported between instances of 'NoneType' and 'float'
Traceback (most recent call last):
  File "/Users/madhavsamalla/Desktop/Road-Raksha/ai_server/main.py", line 254, in generate_frames
    if label == 'Accident' and getattr(track, 'det_conf', 0) < ALERT_THRESHOLD:
TypeError: '<' not supported between instances of 'NoneType' and 'float'

Error in loop: '<' not supported between instances of 'NoneType' and 'float'
Traceback (most recent call last):
  File "/Users/madhavsamalla/Desktop/Road-Raksha/ai_server/main.py", line 254, in generate_frames
    if label == 'Accident' and getattr(track, 'det_conf', 0) < ALERT_THRESHOLD:
TypeError: '<' not supported between instances of 'NoneType' and 'float'

Error in loop: '<' not supported between instances of 'NoneType' and 'float'
Traceback (most recent call last):
  File "/Users/madhavsamalla/Desktop/Road-Raksha/ai_server/main.py", line 254, in generate_frames
    if label == 'Accident' and getattr(track, 'det_conf', 0) < ALERT_THRESHOLD:
TypeError: '<' not supported between instances of 'NoneType' and 'float'

Error in loop: '<' not supported between instances of 'NoneType' and 'float'
Traceback (most recent call last):
  File "/Users/madhavsamalla/Desktop/Road-Raksha/ai_server/main.py", line 254, in generate_frames
    if label == 'Accident' and getattr(track, 'det_conf', 0) < ALERT_THRESHOLD:
TypeError: '<' not supported between instances of 'NoneType' and 'float'

Error in loop: '<' not supported between instances of 'NoneType' and 'float'
Traceback (most recent call last):
  File "/Users/madhavsamalla/Desktop/Road-Raksha/ai_server/main.py", line 254, in generate_frames
    if label == 'Accident' and getattr(track, 'det_conf', 0) < ALERT_THRESHOLD:
TypeError: '<' not supported between instances of 'NoneType' and 'float'

Error in loop: '<' not supported between instances of 'NoneType' and 'float'
Traceback (most recent call last):
  File "/Users/madhavsamalla/Desktop/Road-Raksha/ai_server/main.py", line 254, in generate_frames
    if label == 'Accident' and getattr(track, 'det_conf', 0) < ALERT_THRESHOLD:
TypeError: '<' not supported between instances of 'NoneType' and 'float'

Error in loop: '<' not supported between instances of 'NoneType' and 'float'
Traceback (most recent call last):
  File "/Users/madhavsamalla/Desktop/Road-Raksha/ai_server/main.py", line 254, in generate_frames
    if label == 'Accident' and getattr(track, 'det_conf', 0) < ALERT_THRESHOLD:
TypeError: '<' not supported between instances of 'NoneType' and 'float'

Error in loop: '<' not supported between instances of 'NoneType' and 'float'
Traceback (most recent call last):
  File "/Users/madhavsamalla/Desktop/Road-Raksha/ai_server/main.py", line 254, in generate_frames
    if label == 'Accident' and getattr(track, 'det_conf', 0) < ALERT_THRESHOLD:
TypeError: '<' not supported between instances of 'NoneType' and 'float'

Error in loop: '<' not supported between instances of 'NoneType' and 'float'
Traceback (most recent call last):
  File "/Users/madhavsamalla/Desktop/Road-Raksha/ai_server/main.py", line 254, in generate_frames
    if label == 'Accident' and getattr(track, 'det_conf', 0) < ALERT_THRESHOLD:
TypeError: '<' not supported between instances of 'NoneType' and 'float'

Error in loop: '<' not supported between instances of 'NoneType' and 'float'
Traceback (most recent call last):
  File "/Users/madhavsamalla/Desktop/Road-Raksha/ai_server/main.py", line 254, in generate_frames
    if label == 'Accident' and getattr(track, 'det_conf', 0) < ALERT_THRESHOLD:
TypeError: '<' not supported between instances of 'NoneType' and 'float'

Error in loop: '<' not supported between instances of 'NoneType' and 'float'
Traceback (most recent call last):
  File "/Users/madhavsamalla/Desktop/Road-Raksha/ai_server/main.py", line 254, in generate_frames
    if label == 'Accident' and getattr(track, 'det_conf', 0) < ALERT_THRESHOLD:
TypeError: '<' not supported between instances of 'NoneType' and 'float'

Error in loop: '<' not supported between instances of 'NoneType' and 'float'
Traceback (most recent call last):
  File "/Users/madhavsamalla/Desktop/Road-Raksha/ai_server/main.py", line 254, in generate_frames
    if label == 'Accident' and getattr(track, 'det_conf', 0) < ALERT_THRESHOLD:
TypeError: '<' not supported between instances of 'NoneType' and 'float'

Error in loop: '<' not supported between instances of 'NoneType' and 'float'
Traceback (most recent call last):
  File "/Users/madhavsamalla/Desktop/Road-Raksha/ai_server/main.py", line 254, in generate_frames
    if label == 'Accident' and getattr(track, 'det_conf', 0) < ALERT_THRESHOLD:
TypeError: '<' not supported between instances of 'NoneType' and 'float'

Error in loop: '<' not supported between instances of 'NoneType' and 'float'
Traceback (most recent call last):
  File "/Users/madhavsamalla/Desktop/Road-Raksha/ai_server/main.py", line 254, in generate_frames
    if label == 'Accident' and getattr(track, 'det_conf', 0) < ALERT_THRESHOLD:
TypeError: '<' not supported between instances of 'NoneType' and 'float'

Error in loop: '<' not supported between instances of 'NoneType' and 'float'
Traceback (most recent call last):
  File "/Users/madhavsamalla/Desktop/Road-Raksha/ai_server/main.py", line 254, in generate_frames
    if label == 'Accident' and getattr(track, 'det_conf', 0) < ALERT_THRESHOLD:
TypeError: '<' not supported between instances of 'NoneType' and 'float'

Error in loop: '<' not supported between instances of 'NoneType' and 'float'
Traceback (most recent call last):
  File "/Users/madhavsamalla/Desktop/Road-Raksha/ai_server/main.py", line 254, in generate_frames
    if label == 'Accident' and getattr(track, 'det_conf', 0) < ALERT_THRESHOLD:
TypeError: '<' not supported between instances of 'NoneType' and 'float'

Error in loop: '<' not supported between instances of 'NoneType' and 'float'
Traceback (most recent call last):
  File "/Users/madhavsamalla/Desktop/Road-Raksha/ai_server/main.py", line 254, in generate_frames
    if label == 'Accident' and getattr(track, 'det_conf', 0) < ALERT_THRESHOLD:
TypeError: '<' not supported between instances of 'NoneType' and 'float'

Error in loop: '<' not supported between instances of 'NoneType' and 'float'
Traceback (most recent call last):
  File "/Users/madhavsamalla/Desktop/Road-Raksha/ai_server/main.py", line 254, in generate_frames
    if label == 'Accident' and getattr(track, 'det_conf', 0) < ALERT_THRESHOLD:
TypeError: '<' not supported between instances of 'NoneType' and 'float'

Error in loop: '<' not supported between instances of 'NoneType' and 'float'
Traceback (most recent call last):
  File "/Users/madhavsamalla/Desktop/Road-Raksha/ai_server/main.py", line 254, in generate_frames
    if label == 'Accident' and getattr(track, 'det_conf', 0) < ALERT_THRESHOLD:
TypeError: '<' not supported between instances of 'NoneType' and 'float'

Error in loop: '<' not supported between instances of 'NoneType' and 'float'
Traceback (most recent call last):
  File "/Users/madhavsamalla/Desktop/Road-Raksha/ai_server/main.py", line 254, in generate_frames
    if label == 'Accident' and getattr(track, 'det_conf', 0) < ALERT_THRESHOLD:
TypeError: '<' not supported between instances of 'NoneType' and 'float'

Error in loop: '<' not supported between instances of 'NoneType' and 'float'
Traceback (most recent call last):
  File "/Users/madhavsamalla/Desktop/Road-Raksha/ai_server/main.py", line 254, in generate_frames
    if label == 'Accident' and getattr(track, 'det_conf', 0) < ALERT_THRESHOLD:
TypeError: '<' not supported between instances of 'NoneType' and 'float'

Error in loop: '<' not supported between instances of 'NoneType' and 'float'
Traceback (most recent call last):
  File "/Users/madhavsamalla/Desktop/Road-Raksha/ai_server/main.py", line 254, in generate_frames
    if label == 'Accident' and getattr(track, 'det_conf', 0) < ALERT_THRESHOLD:
TypeError: '<' not supported between instances of 'NoneType' and 'float'

Error in loop: '<' not supported between instances of 'NoneType' and 'float'
Traceback (most recent call last):
  File "/Users/madhavsamalla/Desktop/Road-Raksha/ai_server/main.py", line 254, in generate_frames
    if label == 'Accident' and getattr(track, 'det_conf', 0) < ALERT_THRESHOLD:
TypeError: '<' not supported between instances of 'NoneType' and 'float'

Error in loop: '<' not supported between instances of 'NoneType' and 'float'
Traceback (most recent call last):
  File "/Users/madhavsamalla/Desktop/Road-Raksha/ai_server/main.py", line 254, in generate_frames
    if label == 'Accident' and getattr(track, 'det_conf', 0) < ALERT_THRESHOLD:
TypeError: '<' not supported between instances of 'NoneType' and 'float'

Error in loop: '<' not supported between instances of 'NoneType' and 'float'
Traceback (most recent call last):
  File "/Users/madhavsamalla/Desktop/Road-Raksha/ai_server/main.py", line 254, in generate_frames
    if label == 'Accident' and getattr(track, 'det_conf', 0) < ALERT_THRESHOLD:
TypeError: '<' not supported between instances of 'NoneType' and 'float'

Error in loop: '<' not supported between instances of 'NoneType' and 'float'
Traceback (most recent call last):
  File "/Users/madhavsamalla/Desktop/Road-Raksha/ai_server/main.py", line 254, in generate_frames
    if label == 'Accident' and getattr(track, 'det_conf', 0) < ALERT_THRESHOLD:
TypeError: '<' not supported between instances of 'NoneType' and 'float'

Error in loop: '<' not supported between instances of 'NoneType' and 'float'
Traceback (most recent call last):
  File "/Users/madhavsamalla/Desktop/Road-Raksha/ai_server/main.py", line 254, in generate_frames
    if label == 'Accident' and getattr(track, 'det_conf', 0) < ALERT_THRESHOLD:
TypeError: '<' not supported between instances of 'NoneType' and 'float'

Error in loop: '<' not supported between instances of 'NoneType' and 'float'
Traceback (most recent call last):
  File "/Users/madhavsamalla/Desktop/Road-Raksha/ai_server/main.py", line 254, in generate_frames
    if label == 'Accident' and getattr(track, 'det_conf', 0) < ALERT_THRESHOLD:
TypeError: '<' not supported between instances of 'NoneType' and 'float'

Error in loop: '<' not supported between instances of 'NoneType' and 'float'
Traceback (most recent call last):
  File "/Users/madhavsamalla/Desktop/Road-Raksha/ai_server/main.py", line 254, in generate_frames
    if label == 'Accident' and getattr(track, 'det_conf', 0) < ALERT_THRESHOLD:
TypeError: '<' not supported between instances of 'NoneType' and 'float'

Error in loop: '<' not supported between instances of 'NoneType' and 'float'
Traceback (most recent call last):
  File "/Users/madhavsamalla/Desktop/Road-Raksha/ai_server/main.py", line 254, in generate_frames
    if label == 'Accident' and getattr(track, 'det_conf', 0) < ALERT_THRESHOLD:
TypeError: '<' not supported between instances of 'NoneType' and 'float'

Error in loop: '<' not supported between instances of 'NoneType' and 'float'
Traceback (most recent call last):
  File "/Users/madhavsamalla/Desktop/Road-Raksha/ai_server/main.py", line 254, in generate_frames
    if label == 'Accident' and getattr(track, 'det_conf', 0) < ALERT_THRESHOLD:
TypeError: '<' not supported between instances of 'NoneType' and 'float'

Error in loop: '<' not supported between instances of 'NoneType' and 'float'
Traceback (most recent call last):
  File "/Users/madhavsamalla/Desktop/Road-Raksha/ai_server/main.py", line 254, in generate_frames
    if label == 'Accident' and getattr(track, 'det_conf', 0) < ALERT_THRESHOLD:
TypeError: '<' not supported between instances of 'NoneType' and 'float'

Error in loop: '<' not supported between instances of 'NoneType' and 'float'
Traceback (most recent call last):
  File "/Users/madhavsamalla/Desktop/Road-Raksha/ai_server/main.py", line 254, in generate_frames
    if label == 'Accident' and getattr(track, 'det_conf', 0) < ALERT_THRESHOLD:
TypeError: '<' not supported between instances of 'NoneType' and 'float'

Error in loop: '<' not supported between instances of 'NoneType' and 'float'
Traceback (most recent call last):
  File "/Users/madhavsamalla/Desktop/Road-Raksha/ai_server/main.py", line 254, in generate_frames
    if label == 'Accident' and getattr(track, 'det_conf', 0) < ALERT_THRESHOLD:
TypeError: '<' not supported between instances of 'NoneType' and 'float'

Error in loop: '<' not supported between instances of 'NoneType' and 'float'
Traceback (most recent call last):
  File "/Users/madhavsamalla/Desktop/Road-Raksha/ai_server/main.py", line 254, in generate_frames
    if label == 'Accident' and getattr(track, 'det_conf', 0) < ALERT_THRESHOLD:
TypeError: '<' not supported between instances of 'NoneType' and 'float'

Error in loop: '<' not supported between instances of 'NoneType' and 'float'
Traceback (most recent call last):
  File "/Users/madhavsamalla/Desktop/Road-Raksha/ai_server/main.py", line 254, in generate_frames
    if label == 'Accident' and getattr(track, 'det_conf', 0) < ALERT_THRESHOLD:
TypeError: '<' not supported between instances of 'NoneType' and 'float'

Error in loop: '<' not supported between instances of 'NoneType' and 'float'
Traceback (most recent call last):
  File "/Users/madhavsamalla/Desktop/Road-Raksha/ai_server/main.py", line 254, in generate_frames
    if label == 'Accident' and getattr(track, 'det_conf', 0) < ALERT_THRESHOLD:
TypeError: '<' not supported between instances of 'NoneType' and 'float'

Error in loop: '<' not supported between instances of 'NoneType' and 'float'
Traceback (most recent call last):
  File "/Users/madhavsamalla/Desktop/Road-Raksha/ai_server/main.py", line 254, in generate_frames
    if label == 'Accident' and getattr(track, 'det_conf', 0) < ALERT_THRESHOLD:
TypeError: '<' not supported between instances of 'NoneType' and 'float'

Error in loop: '<' not supported between instances of 'NoneType' and 'float'
Traceback (most recent call last):
  File "/Users/madhavsamalla/Desktop/Road-Raksha/ai_server/main.py", line 254, in generate_frames
    if label == 'Accident' and getattr(track, 'det_conf', 0) < ALERT_THRESHOLD:
TypeError: '<' not supported between instances of 'NoneType' and 'float'

Error in loop: '<' not supported between instances of 'NoneType' and 'float'
Traceback (most recent call last):
  File "/Users/madhavsamalla/Desktop/Road-Raksha/ai_server/main.py", line 254, in generate_frames
    if label == 'Accident' and getattr(track, 'det_conf', 0) < ALERT_THRESHOLD:
TypeError: '<' not supported between instances of 'NoneType' and 'float'

Error in loop: '<' not supported between instances of 'NoneType' and 'float'
Traceback (most recent call last):
  File "/Users/madhavsamalla/Desktop/Road-Raksha/ai_server/main.py", line 254, in generate_frames
    if label == 'Accident' and getattr(track, 'det_conf', 0) < ALERT_THRESHOLD:
TypeError: '<' not supported between instances of 'NoneType' and 'float'

Error in loop: '<' not supported between instances of 'NoneType' and 'float'
Traceback (most recent call last):
  File "/Users/madhavsamalla/Desktop/Road-Raksha/ai_server/main.py", line 254, in generate_frames
    if label == 'Accident' and getattr(track, 'det_conf', 0) < ALERT_THRESHOLD:
TypeError: '<' not supported between instances of 'NoneType' and 'float'

Error in loop: '<' not supported between instances of 'NoneType' and 'float'
Traceback (most recent call last):
  File "/Users/madhavsamalla/Desktop/Road-Raksha/ai_server/main.py", line 254, in generate_frames
    if label == 'Accident' and getattr(track, 'det_conf', 0) < ALERT_THRESHOLD:
TypeError: '<' not supported between instances of 'NoneType' and 'float'

Error in loop: '<' not supported between instances of 'NoneType' and 'float'
Traceback (most recent call last):
  File "/Users/madhavsamalla/Desktop/Road-Raksha/ai_server/main.py", line 254, in generate_frames
    if label == 'Accident' and getattr(track, 'det_conf', 0) < ALERT_THRESHOLD:
TypeError: '<' not supported between instances of 'NoneType' and 'float'

Error in loop: '<' not supported between instances of 'NoneType' and 'float'
Traceback (most recent call last):
  File "/Users/madhavsamalla/Desktop/Road-Raksha/ai_server/main.py", line 254, in generate_frames
    if label == 'Accident' and getattr(track, 'det_conf', 0) < ALERT_THRESHOLD:
TypeError: '<' not supported between instances of 'NoneType' and 'float'

Error in loop: '<' not supported between instances of 'NoneType' and 'float'
Traceback (most recent call last):
  File "/Users/madhavsamalla/Desktop/Road-Raksha/ai_server/main.py", line 254, in generate_frames
    if label == 'Accident' and getattr(track, 'det_conf', 0) < ALERT_THRESHOLD:
TypeError: '<' not supported between instances of 'NoneType' and 'float'

Error in loop: '<' not supported between instances of 'NoneType' and 'float'
Traceback (most recent call last):
  File "/Users/madhavsamalla/Desktop/Road-Raksha/ai_server/main.py", line 254, in generate_frames
    if label == 'Accident' and getattr(track, 'det_conf', 0) < ALERT_THRESHOLD:
TypeError: '<' not supported between instances of 'NoneType' and 'float'

Error in loop: '<' not supported between instances of 'NoneType' and 'float'
Traceback (most recent call last):
  File "/Users/madhavsamalla/Desktop/Road-Raksha/ai_server/main.py", line 254, in generate_frames
    if label == 'Accident' and getattr(track, 'det_conf', 0) < ALERT_THRESHOLD:
TypeError: '<' not supported between instances of 'NoneType' and 'float'

Error in loop: '<' not supported between instances of 'NoneType' and 'float'
Traceback (most recent call last):
  File "/Users/madhavsamalla/Desktop/Road-Raksha/ai_server/main.py", line 254, in generate_frames
    if label == 'Accident' and getattr(track, 'det_conf', 0) < ALERT_THRESHOLD:
TypeError: '<' not supported between instances of 'NoneType' and 'float'

Error in loop: '<' not supported between instances of 'NoneType' and 'float'
Traceback (most recent call last):
  File "/Users/madhavsamalla/Desktop/Road-Raksha/ai_server/main.py", line 254, in generate_frames
    if label == 'Accident' and getattr(track, 'det_conf', 0) < ALERT_THRESHOLD:
TypeError: '<' not supported between instances of 'NoneType' and 'float'

Error in loop: '<' not supported between instances of 'NoneType' and 'float'
Traceback (most recent call last):
  File "/Users/madhavsamalla/Desktop/Road-Raksha/ai_server/main.py", line 254, in generate_frames
    if label == 'Accident' and getattr(track, 'det_conf', 0) < ALERT_THRESHOLD:
TypeError: '<' not supported between instances of 'NoneType' and 'float'

Error in loop: '<' not supported between instances of 'NoneType' and 'float'
Traceback (most recent call last):
  File "/Users/madhavsamalla/Desktop/Road-Raksha/ai_server/main.py", line 254, in generate_frames
    if label == 'Accident' and getattr(track, 'det_conf', 0) < ALERT_THRESHOLD:
TypeError: '<' not supported between instances of 'NoneType' and 'float'

Error in loop: '<' not supported between instances of 'NoneType' and 'float'
Traceback (most recent call last):
  File "/Users/madhavsamalla/Desktop/Road-Raksha/ai_server/main.py", line 254, in generate_frames
    if label == 'Accident' and getattr(track, 'det_conf', 0) < ALERT_THRESHOLD:
TypeError: '<' not supported between instances of 'NoneType' and 'float'

Error in loop: '<' not supported between instances of 'NoneType' and 'float'
Traceback (most recent call last):
  File "/Users/madhavsamalla/Desktop/Road-Raksha/ai_server/main.py", line 254, in generate_frames
    if label == 'Accident' and getattr(track, 'det_conf', 0) < ALERT_THRESHOLD:
TypeError: '<' not supported between instances of 'NoneType' and 'float'

Error in loop: '<' not supported between instances of 'NoneType' and 'float'
Traceback (most recent call last):
  File "/Users/madhavsamalla/Desktop/Road-Raksha/ai_server/main.py", line 254, in generate_frames
    if label == 'Accident' and getattr(track, 'det_conf', 0) < ALERT_THRESHOLD:
TypeError: '<' not supported between instances of 'NoneType' and 'float'

Error in loop: '<' not supported between instances of 'NoneType' and 'float'
Traceback (most recent call last):
  File "/Users/madhavsamalla/Desktop/Road-Raksha/ai_server/main.py", line 254, in generate_frames
    if label == 'Accident' and getattr(track, 'det_conf', 0) < ALERT_THRESHOLD:
TypeError: '<' not supported between instances of 'NoneType' and 'float'

Error in loop: '<' not supported between instances of 'NoneType' and 'float'
Traceback (most recent call last):
  File "/Users/madhavsamalla/Desktop/Road-Raksha/ai_server/main.py", line 254, in generate_frames
    if label == 'Accident' and getattr(track, 'det_conf', 0) < ALERT_THRESHOLD:
TypeError: '<' not supported between instances of 'NoneType' and 'float'

Error in loop: '<' not supported between instances of 'NoneType' and 'float'
Traceback (most recent call last):
  File "/Users/madhavsamalla/Desktop/Road-Raksha/ai_server/main.py", line 254, in generate_frames
    if label == 'Accident' and getattr(track, 'det_conf', 0) < ALERT_THRESHOLD:
TypeError: '<' not supported between instances of 'NoneType' and 'float'

Error in loop: '<' not supported between instances of 'NoneType' and 'float'
Traceback (most recent call last):
  File "/Users/madhavsamalla/Desktop/Road-Raksha/ai_server/main.py", line 254, in generate_frames
    if label == 'Accident' and getattr(track, 'det_conf', 0) < ALERT_THRESHOLD:
TypeError: '<' not supported between instances of 'NoneType' and 'float'

Error in loop: '<' not supported between instances of 'NoneType' and 'float'
Traceback (most recent call last):
  File "/Users/madhavsamalla/Desktop/Road-Raksha/ai_server/main.py", line 254, in generate_frames
    if label == 'Accident' and getattr(track, 'det_conf', 0) < ALERT_THRESHOLD:
TypeError: '<' not supported between instances of 'NoneType' and 'float'

Error in loop: '<' not supported between instances of 'NoneType' and 'float'
Traceback (most recent call last):
  File "/Users/madhavsamalla/Desktop/Road-Raksha/ai_server/main.py", line 254, in generate_frames
    if label == 'Accident' and getattr(track, 'det_conf', 0) < ALERT_THRESHOLD:
TypeError: '<' not supported between instances of 'NoneType' and 'float'

Error in loop: '<' not supported between instances of 'NoneType' and 'float'
Traceback (most recent call last):
  File "/Users/madhavsamalla/Desktop/Road-Raksha/ai_server/main.py", line 254, in generate_frames
    if label == 'Accident' and getattr(track, 'det_conf', 0) < ALERT_THRESHOLD:
TypeError: '<' not supported between instances of 'NoneType' and 'float'

Error in loop: '<' not supported between instances of 'NoneType' and 'float'
Traceback (most recent call last):
  File "/Users/madhavsamalla/Desktop/Road-Raksha/ai_server/main.py", line 254, in generate_frames
    if label == 'Accident' and getattr(track, 'det_conf', 0) < ALERT_THRESHOLD:
TypeError: '<' not supported between instances of 'NoneType' and 'float'

Error in loop: '<' not supported between instances of 'NoneType' and 'float'
Traceback (most recent call last):
  File "/Users/madhavsamalla/Desktop/Road-Raksha/ai_server/main.py", line 254, in generate_frames
    if label == 'Accident' and getattr(track, 'det_conf', 0) < ALERT_THRESHOLD:
TypeError: '<' not supported between instances of 'NoneType' and 'float'

Error in loop: '<' not supported between instances of 'NoneType' and 'float'
Traceback (most recent call last):
  File "/Users/madhavsamalla/Desktop/Road-Raksha/ai_server/main.py", line 254, in generate_frames
    if label == 'Accident' and getattr(track, 'det_conf', 0) < ALERT_THRESHOLD:
TypeError: '<' not supported between instances of 'NoneType' and 'float'

Error in loop: '<' not supported between instances of 'NoneType' and 'float'
Traceback (most recent call last):
  File "/Users/madhavsamalla/Desktop/Road-Raksha/ai_server/main.py", line 254, in generate_frames
    if label == 'Accident' and getattr(track, 'det_conf', 0) < ALERT_THRESHOLD:
TypeError: '<' not supported between instances of 'NoneType' and 'float'

Error in loop: '<' not supported between instances of 'NoneType' and 'float'
Traceback (most recent call last):
  File "/Users/madhavsamalla/Desktop/Road-Raksha/ai_server/main.py", line 254, in generate_frames
    if label == 'Accident' and getattr(track, 'det_conf', 0) < ALERT_THRESHOLD:
TypeError: '<' not supported between instances of 'NoneType' and 'float'

Error in loop: '<' not supported between instances of 'NoneType' and 'float'
Traceback (most recent call last):
  File "/Users/madhavsamalla/Desktop/Road-Raksha/ai_server/main.py", line 254, in generate_frames
    if label == 'Accident' and getattr(track, 'det_conf', 0) < ALERT_THRESHOLD:
TypeError: '<' not supported between instances of 'NoneType' and 'float'

Error in loop: '<' not supported between instances of 'NoneType' and 'float'
Traceback (most recent call last):
  File "/Users/madhavsamalla/Desktop/Road-Raksha/ai_server/main.py", line 254, in generate_frames
    if label == 'Accident' and getattr(track, 'det_conf', 0) < ALERT_THRESHOLD:
TypeError: '<' not supported between instances of 'NoneType' and 'float'

Error in loop: '<' not supported between instances of 'NoneType' and 'float'
Traceback (most recent call last):
  File "/Users/madhavsamalla/Desktop/Road-Raksha/ai_server/main.py", line 254, in generate_frames
    if label == 'Accident' and getattr(track, 'det_conf', 0) < ALERT_THRESHOLD:
TypeError: '<' not supported between instances of 'NoneType' and 'float'

Error in loop: '<' not supported between instances of 'NoneType' and 'float'
Traceback (most recent call last):
  File "/Users/madhavsamalla/Desktop/Road-Raksha/ai_server/main.py", line 254, in generate_frames
    if label == 'Accident' and getattr(track, 'det_conf', 0) < ALERT_THRESHOLD:
TypeError: '<' not supported between instances of 'NoneType' and 'float'

Error in loop: '<' not supported between instances of 'NoneType' and 'float'
Traceback (most recent call last):
  File "/Users/madhavsamalla/Desktop/Road-Raksha/ai_server/main.py", line 254, in generate_frames
    if label == 'Accident' and getattr(track, 'det_conf', 0) < ALERT_THRESHOLD:
TypeError: '<' not supported between instances of 'NoneType' and 'float'

Error in loop: '<' not supported between instances of 'NoneType' and 'float'
Traceback (most recent call last):
  File "/Users/madhavsamalla/Desktop/Road-Raksha/ai_server/main.py", line 254, in generate_frames
    if label == 'Accident' and getattr(track, 'det_conf', 0) < ALERT_THRESHOLD:
TypeError: '<' not supported between instances of 'NoneType' and 'float'

Error in loop: '<' not supported between instances of 'NoneType' and 'float'
Traceback (most recent call last):
  File "/Users/madhavsamalla/Desktop/Road-Raksha/ai_server/main.py", line 254, in generate_frames
    if label == 'Accident' and getattr(track, 'det_conf', 0) < ALERT_THRESHOLD:
TypeError: '<' not supported between instances of 'NoneType' and 'float'

Error in loop: '<' not supported between instances of 'NoneType' and 'float'
Traceback (most recent call last):
  File "/Users/madhavsamalla/Desktop/Road-Raksha/ai_server/main.py", line 254, in generate_frames
    if label == 'Accident' and getattr(track, 'det_conf', 0) < ALERT_THRESHOLD:
TypeError: '<' not supported between instances of 'NoneType' and 'float'

Error in loop: '<' not supported between instances of 'NoneType' and 'float'
Traceback (most recent call last):
  File "/Users/madhavsamalla/Desktop/Road-Raksha/ai_server/main.py", line 254, in generate_frames
    if label == 'Accident' and getattr(track, 'det_conf', 0) < ALERT_THRESHOLD:
TypeError: '<' not supported between instances of 'NoneType' and 'float'

Error in loop: '<' not supported between instances of 'NoneType' and 'float'
Traceback (most recent call last):
  File "/Users/madhavsamalla/Desktop/Road-Raksha/ai_server/main.py", line 254, in generate_frames
    if label == 'Accident' and getattr(track, 'det_conf', 0) < ALERT_THRESHOLD:
TypeError: '<' not supported between instances of 'NoneType' and 'float'

Error in loop: '<' not supported between instances of 'NoneType' and 'float'
Traceback (most recent call last):
  File "/Users/madhavsamalla/Desktop/Road-Raksha/ai_server/main.py", line 254, in generate_frames
    if label == 'Accident' and getattr(track, 'det_conf', 0) < ALERT_THRESHOLD:
TypeError: '<' not supported between instances of 'NoneType' and 'float'

Error in loop: '<' not supported between instances of 'NoneType' and 'float'
Traceback (most recent call last):
  File "/Users/madhavsamalla/Desktop/Road-Raksha/ai_server/main.py", line 254, in generate_frames
    if label == 'Accident' and getattr(track, 'det_conf', 0) < ALERT_THRESHOLD:
TypeError: '<' not supported between instances of 'NoneType' and 'float'

Error in loop: '<' not supported between instances of 'NoneType' and 'float'
Traceback (most recent call last):
  File "/Users/madhavsamalla/Desktop/Road-Raksha/ai_server/main.py", line 254, in generate_frames
    if label == 'Accident' and getattr(track, 'det_conf', 0) < ALERT_THRESHOLD:
TypeError: '<' not supported between instances of 'NoneType' and 'float'

Error in loop: '<' not supported between instances of 'NoneType' and 'float'
Traceback (most recent call last):
  File "/Users/madhavsamalla/Desktop/Road-Raksha/ai_server/main.py", line 254, in generate_frames
    if label == 'Accident' and getattr(track, 'det_conf', 0) < ALERT_THRESHOLD:
TypeError: '<' not supported between instances of 'NoneType' and 'float'

Error in loop: '<' not supported between instances of 'NoneType' and 'float'
Traceback (most recent call last):
  File "/Users/madhavsamalla/Desktop/Road-Raksha/ai_server/main.py", line 254, in generate_frames
    if label == 'Accident' and getattr(track, 'det_conf', 0) < ALERT_THRESHOLD:
TypeError: '<' not supported between instances of 'NoneType' and 'float'

Error in loop: '<' not supported between instances of 'NoneType' and 'float'
Traceback (most recent call last):
  File "/Users/madhavsamalla/Desktop/Road-Raksha/ai_server/main.py", line 254, in generate_frames
    if label == 'Accident' and getattr(track, 'det_conf', 0) < ALERT_THRESHOLD:
TypeError: '<' not supported between instances of 'NoneType' and 'float'

Error in loop: '<' not supported between instances of 'NoneType' and 'float'
Traceback (most recent call last):
  File "/Users/madhavsamalla/Desktop/Road-Raksha/ai_server/main.py", line 254, in generate_frames
    if label == 'Accident' and getattr(track, 'det_conf', 0) < ALERT_THRESHOLD:
TypeError: '<' not supported between instances of 'NoneType' and 'float'

Error in loop: '<' not supported between instances of 'NoneType' and 'float'
Traceback (most recent call last):
  File "/Users/madhavsamalla/Desktop/Road-Raksha/ai_server/main.py", line 254, in generate_frames
    if label == 'Accident' and getattr(track, 'det_conf', 0) < ALERT_THRESHOLD:
TypeError: '<' not supported between instances of 'NoneType' and 'float'

Error in loop: '<' not supported between instances of 'NoneType' and 'float'
Traceback (most recent call last):
  File "/Users/madhavsamalla/Desktop/Road-Raksha/ai_server/main.py", line 254, in generate_frames
    if label == 'Accident' and getattr(track, 'det_conf', 0) < ALERT_THRESHOLD:
TypeError: '<' not supported between instances of 'NoneType' and 'float'

Error in loop: '<' not supported between instances of 'NoneType' and 'float'
Traceback (most recent call last):
  File "/Users/madhavsamalla/Desktop/Road-Raksha/ai_server/main.py", line 254, in generate_frames
    if label == 'Accident' and getattr(track, 'det_conf', 0) < ALERT_THRESHOLD:
TypeError: '<' not supported between instances of 'NoneType' and 'float'

Error in loop: '<' not supported between instances of 'NoneType' and 'float'
Traceback (most recent call last):
  File "/Users/madhavsamalla/Desktop/Road-Raksha/ai_server/main.py", line 254, in generate_frames
    if label == 'Accident' and getattr(track, 'det_conf', 0) < ALERT_THRESHOLD:
TypeError: '<' not supported between instances of 'NoneType' and 'float'

Error in loop: '<' not supported between instances of 'NoneType' and 'float'
Traceback (most recent call last):
  File "/Users/madhavsamalla/Desktop/Road-Raksha/ai_server/main.py", line 254, in generate_frames
    if label == 'Accident' and getattr(track, 'det_conf', 0) < ALERT_THRESHOLD:
TypeError: '<' not supported between instances of 'NoneType' and 'float'

Error in loop: '<' not supported between instances of 'NoneType' and 'float'
Traceback (most recent call last):
  File "/Users/madhavsamalla/Desktop/Road-Raksha/ai_server/main.py", line 254, in generate_frames
    if label == 'Accident' and getattr(track, 'det_conf', 0) < ALERT_THRESHOLD:
TypeError: '<' not supported between instances of 'NoneType' and 'float'

Error in loop: '<' not supported between instances of 'NoneType' and 'float'
Traceback (most recent call last):
  File "/Users/madhavsamalla/Desktop/Road-Raksha/ai_server/main.py", line 254, in generate_frames
    if label == 'Accident' and getattr(track, 'det_conf', 0) < ALERT_THRESHOLD:
TypeError: '<' not supported between instances of 'NoneType' and 'float'

Error in loop: '<' not supported between instances of 'NoneType' and 'float'
Traceback (most recent call last):
  File "/Users/madhavsamalla/Desktop/Road-Raksha/ai_server/main.py", line 254, in generate_frames
    if label == 'Accident' and getattr(track, 'det_conf', 0) < ALERT_THRESHOLD:
TypeError: '<' not supported between instances of 'NoneType' and 'float'

Error in loop: '<' not supported between instances of 'NoneType' and 'float'
Traceback (most recent call last):
  File "/Users/madhavsamalla/Desktop/Road-Raksha/ai_server/main.py", line 254, in generate_frames
    if label == 'Accident' and getattr(track, 'det_conf', 0) < ALERT_THRESHOLD:
TypeError: '<' not supported between instances of 'NoneType' and 'float'

Error in loop: '<' not supported between instances of 'NoneType' and 'float'
Traceback (most recent call last):
  File "/Users/madhavsamalla/Desktop/Road-Raksha/ai_server/main.py", line 254, in generate_frames
    if label == 'Accident' and getattr(track, 'det_conf', 0) < ALERT_THRESHOLD:
TypeError: '<' not supported between instances of 'NoneType' and 'float'

Error in loop: '<' not supported between instances of 'NoneType' and 'float'
Traceback (most recent call last):
  File "/Users/madhavsamalla/Desktop/Road-Raksha/ai_server/main.py", line 254, in generate_frames
    if label == 'Accident' and getattr(track, 'det_conf', 0) < ALERT_THRESHOLD:
TypeError: '<' not supported between instances of 'NoneType' and 'float'

Error in loop: '<' not supported between instances of 'NoneType' and 'float'
Traceback (most recent call last):
  File "/Users/madhavsamalla/Desktop/Road-Raksha/ai_server/main.py", line 254, in generate_frames
    if label == 'Accident' and getattr(track, 'det_conf', 0) < ALERT_THRESHOLD:
TypeError: '<' not supported between instances of 'NoneType' and 'float'

Error in loop: '<' not supported between instances of 'NoneType' and 'float'
Traceback (most recent call last):
  File "/Users/madhavsamalla/Desktop/Road-Raksha/ai_server/main.py", line 254, in generate_frames
    if label == 'Accident' and getattr(track, 'det_conf', 0) < ALERT_THRESHOLD:
TypeError: '<' not supported between instances of 'NoneType' and 'float'

Error in loop: '<' not supported between instances of 'NoneType' and 'float'
Traceback (most recent call last):
  File "/Users/madhavsamalla/Desktop/Road-Raksha/ai_server/main.py", line 254, in generate_frames
    if label == 'Accident' and getattr(track, 'det_conf', 0) < ALERT_THRESHOLD:
TypeError: '<' not supported between instances of 'NoneType' and 'float'

Error in loop: '<' not supported between instances of 'NoneType' and 'float'
Traceback (most recent call last):
  File "/Users/madhavsamalla/Desktop/Road-Raksha/ai_server/main.py", line 254, in generate_frames
    if label == 'Accident' and getattr(track, 'det_conf', 0) < ALERT_THRESHOLD:
TypeError: '<' not supported between instances of 'NoneType' and 'float'

Error in loop: '<' not supported between instances of 'NoneType' and 'float'
Traceback (most recent call last):
  File "/Users/madhavsamalla/Desktop/Road-Raksha/ai_server/main.py", line 254, in generate_frames
    if label == 'Accident' and getattr(track, 'det_conf', 0) < ALERT_THRESHOLD:
TypeError: '<' not supported between instances of 'NoneType' and 'float'

Error in loop: '<' not supported between instances of 'NoneType' and 'float'
Traceback (most recent call last):
  File "/Users/madhavsamalla/Desktop/Road-Raksha/ai_server/main.py", line 254, in generate_frames
    if label == 'Accident' and getattr(track, 'det_conf', 0) < ALERT_THRESHOLD:
TypeError: '<' not supported between instances of 'NoneType' and 'float'

Error in loop: '<' not supported between instances of 'NoneType' and 'float'
Traceback (most recent call last):
  File "/Users/madhavsamalla/Desktop/Road-Raksha/ai_server/main.py", line 254, in generate_frames
    if label == 'Accident' and getattr(track, 'det_conf', 0) < ALERT_THRESHOLD:
TypeError: '<' not supported between instances of 'NoneType' and 'float'

Error in loop: '<' not supported between instances of 'NoneType' and 'float'
Traceback (most recent call last):
  File "/Users/madhavsamalla/Desktop/Road-Raksha/ai_server/main.py", line 254, in generate_frames
    if label == 'Accident' and getattr(track, 'det_conf', 0) < ALERT_THRESHOLD:
TypeError: '<' not supported between instances of 'NoneType' and 'float'

Error in loop: '<' not supported between instances of 'NoneType' and 'float'
Traceback (most recent call last):
  File "/Users/madhavsamalla/Desktop/Road-Raksha/ai_server/main.py", line 254, in generate_frames
    if label == 'Accident' and getattr(track, 'det_conf', 0) < ALERT_THRESHOLD:
TypeError: '<' not supported between instances of 'NoneType' and 'float'

Error in loop: '<' not supported between instances of 'NoneType' and 'float'
Traceback (most recent call last):
  File "/Users/madhavsamalla/Desktop/Road-Raksha/ai_server/main.py", line 254, in generate_frames
    if label == 'Accident' and getattr(track, 'det_conf', 0) < ALERT_THRESHOLD:
TypeError: '<' not supported between instances of 'NoneType' and 'float'

Error in loop: '<' not supported between instances of 'NoneType' and 'float'
Traceback (most recent call last):
  File "/Users/madhavsamalla/Desktop/Road-Raksha/ai_server/main.py", line 254, in generate_frames
    if label == 'Accident' and getattr(track, 'det_conf', 0) < ALERT_THRESHOLD:
TypeError: '<' not supported between instances of 'NoneType' and 'float'

Error in loop: '<' not supported between instances of 'NoneType' and 'float'
Traceback (most recent call last):
  File "/Users/madhavsamalla/Desktop/Road-Raksha/ai_server/main.py", line 254, in generate_frames
    if label == 'Accident' and getattr(track, 'det_conf', 0) < ALERT_THRESHOLD:
TypeError: '<' not supported between instances of 'NoneType' and 'float'

Error in loop: '<' not supported between instances of 'NoneType' and 'float'
Traceback (most recent call last):
  File "/Users/madhavsamalla/Desktop/Road-Raksha/ai_server/main.py", line 254, in generate_frames
    if label == 'Accident' and getattr(track, 'det_conf', 0) < ALERT_THRESHOLD:
TypeError: '<' not supported between instances of 'NoneType' and 'float'

Error in loop: '<' not supported between instances of 'NoneType' and 'float'
Traceback (most recent call last):
  File "/Users/madhavsamalla/Desktop/Road-Raksha/ai_server/main.py", line 254, in generate_frames
    if label == 'Accident' and getattr(track, 'det_conf', 0) < ALERT_THRESHOLD:
TypeError: '<' not supported between instances of 'NoneType' and 'float'

Error in loop: '<' not supported between instances of 'NoneType' and 'float'
Traceback (most recent call last):
  File "/Users/madhavsamalla/Desktop/Road-Raksha/ai_server/main.py", line 254, in generate_frames
    if label == 'Accident' and getattr(track, 'det_conf', 0) < ALERT_THRESHOLD:
TypeError: '<' not supported between instances of 'NoneType' and 'float'

Error in loop: '<' not supported between instances of 'NoneType' and 'float'
Traceback (most recent call last):
  File "/Users/madhavsamalla/Desktop/Road-Raksha/ai_server/main.py", line 254, in generate_frames
    if label == 'Accident' and getattr(track, 'det_conf', 0) < ALERT_THRESHOLD:
TypeError: '<' not supported between instances of 'NoneType' and 'float'

Error in loop: '<' not supported between instances of 'NoneType' and 'float'
Traceback (most recent call last):
  File "/Users/madhavsamalla/Desktop/Road-Raksha/ai_server/main.py", line 254, in generate_frames
    if label == 'Accident' and getattr(track, 'det_conf', 0) < ALERT_THRESHOLD:
TypeError: '<' not supported between instances of 'NoneType' and 'float'

Error in loop: '<' not supported between instances of 'NoneType' and 'float'
Traceback (most recent call last):
  File "/Users/madhavsamalla/Desktop/Road-Raksha/ai_server/main.py", line 254, in generate_frames
    if label == 'Accident' and getattr(track, 'det_conf', 0) < ALERT_THRESHOLD:
TypeError: '<' not supported between instances of 'NoneType' and 'float'

Error in loop: '<' not supported between instances of 'NoneType' and 'float'
Traceback (most recent call last):
  File "/Users/madhavsamalla/Desktop/Road-Raksha/ai_server/main.py", line 254, in generate_frames
    if label == 'Accident' and getattr(track, 'det_conf', 0) < ALERT_THRESHOLD:
TypeError: '<' not supported between instances of 'NoneType' and 'float'

Error in loop: '<' not supported between instances of 'NoneType' and 'float'
Traceback (most recent call last):
  File "/Users/madhavsamalla/Desktop/Road-Raksha/ai_server/main.py", line 254, in generate_frames
    if label == 'Accident' and getattr(track, 'det_conf', 0) < ALERT_THRESHOLD:
TypeError: '<' not supported between instances of 'NoneType' and 'float'

Error in loop: '<' not supported between instances of 'NoneType' and 'float'
Traceback (most recent call last):
  File "/Users/madhavsamalla/Desktop/Road-Raksha/ai_server/main.py", line 254, in generate_frames
    if label == 'Accident' and getattr(track, 'det_conf', 0) < ALERT_THRESHOLD:
TypeError: '<' not supported between instances of 'NoneType' and 'float'

Error in loop: '<' not supported between instances of 'NoneType' and 'float'
Traceback (most recent call last):
  File "/Users/madhavsamalla/Desktop/Road-Raksha/ai_server/main.py", line 254, in generate_frames
    if label == 'Accident' and getattr(track, 'det_conf', 0) < ALERT_THRESHOLD:
TypeError: '<' not supported between instances of 'NoneType' and 'float'

Error in loop: '<' not supported between instances of 'NoneType' and 'float'
Traceback (most recent call last):
  File "/Users/madhavsamalla/Desktop/Road-Raksha/ai_server/main.py", line 254, in generate_frames
    if label == 'Accident' and getattr(track, 'det_conf', 0) < ALERT_THRESHOLD:
TypeError: '<' not supported between instances of 'NoneType' and 'float'

Error in loop: '<' not supported between instances of 'NoneType' and 'float'
Traceback (most recent call last):
  File "/Users/madhavsamalla/Desktop/Road-Raksha/ai_server/main.py", line 254, in generate_frames
    if label == 'Accident' and getattr(track, 'det_conf', 0) < ALERT_THRESHOLD:
TypeError: '<' not supported between instances of 'NoneType' and 'float'

Error in loop: '<' not supported between instances of 'NoneType' and 'float'
Traceback (most recent call last):
  File "/Users/madhavsamalla/Desktop/Road-Raksha/ai_server/main.py", line 254, in generate_frames
    if label == 'Accident' and getattr(track, 'det_conf', 0) < ALERT_THRESHOLD:
TypeError: '<' not supported between instances of 'NoneType' and 'float'

Error in loop: '<' not supported between instances of 'NoneType' and 'float'
Traceback (most recent call last):
  File "/Users/madhavsamalla/Desktop/Road-Raksha/ai_server/main.py", line 254, in generate_frames
    if label == 'Accident' and getattr(track, 'det_conf', 0) < ALERT_THRESHOLD:
TypeError: '<' not supported between instances of 'NoneType' and 'float'

Error in loop: '<' not supported between instances of 'NoneType' and 'float'
Traceback (most recent call last):
  File "/Users/madhavsamalla/Desktop/Road-Raksha/ai_server/main.py", line 254, in generate_frames
    if label == 'Accident' and getattr(track, 'det_conf', 0) < ALERT_THRESHOLD:
TypeError: '<' not supported between instances of 'NoneType' and 'float'

Error in loop: '<' not supported between instances of 'NoneType' and 'float'
Traceback (most recent call last):
  File "/Users/madhavsamalla/Desktop/Road-Raksha/ai_server/main.py", line 254, in generate_frames
    if label == 'Accident' and getattr(track, 'det_conf', 0) < ALERT_THRESHOLD:
TypeError: '<' not supported between instances of 'NoneType' and 'float'

Error in loop: '<' not supported between instances of 'NoneType' and 'float'
Traceback (most recent call last):
  File "/Users/madhavsamalla/Desktop/Road-Raksha/ai_server/main.py", line 254, in generate_frames
    if label == 'Accident' and getattr(track, 'det_conf', 0) < ALERT_THRESHOLD:
TypeError: '<' not supported between instances of 'NoneType' and 'float'

Error in loop: '<' not supported between instances of 'NoneType' and 'float'
Traceback (most recent call last):
  File "/Users/madhavsamalla/Desktop/Road-Raksha/ai_server/main.py", line 254, in generate_frames
    if label == 'Accident' and getattr(track, 'det_conf', 0) < ALERT_THRESHOLD:
TypeError: '<' not supported between instances of 'NoneType' and 'float'

Error in loop: '<' not supported between instances of 'NoneType' and 'float'
Traceback (most recent call last):
  File "/Users/madhavsamalla/Desktop/Road-Raksha/ai_server/main.py", line 254, in generate_frames
    if label == 'Accident' and getattr(track, 'det_conf', 0) < ALERT_THRESHOLD:
TypeError: '<' not supported between instances of 'NoneType' and 'float'

Error in loop: '<' not supported between instances of 'NoneType' and 'float'
Traceback (most recent call last):
  File "/Users/madhavsamalla/Desktop/Road-Raksha/ai_server/main.py", line 254, in generate_frames
    if label == 'Accident' and getattr(track, 'det_conf', 0) < ALERT_THRESHOLD:
TypeError: '<' not supported between instances of 'NoneType' and 'float'

Error in loop: '<' not supported between instances of 'NoneType' and 'float'
Traceback (most recent call last):
  File "/Users/madhavsamalla/Desktop/Road-Raksha/ai_server/main.py", line 254, in generate_frames
    if label == 'Accident' and getattr(track, 'det_conf', 0) < ALERT_THRESHOLD:
TypeError: '<' not supported between instances of 'NoneType' and 'float'

Error in loop: '<' not supported between instances of 'NoneType' and 'float'
Traceback (most recent call last):
  File "/Users/madhavsamalla/Desktop/Road-Raksha/ai_server/main.py", line 254, in generate_frames
    if label == 'Accident' and getattr(track, 'det_conf', 0) < ALERT_THRESHOLD:
TypeError: '<' not supported between instances of 'NoneType' and 'float'

Error in loop: '<' not supported between instances of 'NoneType' and 'float'
Traceback (most recent call last):
  File "/Users/madhavsamalla/Desktop/Road-Raksha/ai_server/main.py", line 254, in generate_frames
    if label == 'Accident' and getattr(track, 'det_conf', 0) < ALERT_THRESHOLD:
TypeError: '<' not supported between instances of 'NoneType' and 'float'

Error in loop: '<' not supported between instances of 'NoneType' and 'float'
Traceback (most recent call last):
  File "/Users/madhavsamalla/Desktop/Road-Raksha/ai_server/main.py", line 254, in generate_frames
    if label == 'Accident' and getattr(track, 'det_conf', 0) < ALERT_THRESHOLD:
TypeError: '<' not supported between instances of 'NoneType' and 'float'

Error in loop: '<' not supported between instances of 'NoneType' and 'float'
Traceback (most recent call last):
  File "/Users/madhavsamalla/Desktop/Road-Raksha/ai_server/main.py", line 254, in generate_frames
    if label == 'Accident' and getattr(track, 'det_conf', 0) < ALERT_THRESHOLD:
TypeError: '<' not supported between instances of 'NoneType' and 'float'

Error in loop: '<' not supported between instances of 'NoneType' and 'float'
Traceback (most recent call last):
  File "/Users/madhavsamalla/Desktop/Road-Raksha/ai_server/main.py", line 254, in generate_frames
    if label == 'Accident' and getattr(track, 'det_conf', 0) < ALERT_THRESHOLD:
TypeError: '<' not supported between instances of 'NoneType' and 'float'

Error in loop: '<' not supported between instances of 'NoneType' and 'float'
Traceback (most recent call last):
  File "/Users/madhavsamalla/Desktop/Road-Raksha/ai_server/main.py", line 254, in generate_frames
    if label == 'Accident' and getattr(track, 'det_conf', 0) < ALERT_THRESHOLD:
TypeError: '<' not supported between instances of 'NoneType' and 'float'

Error in loop: '<' not supported between instances of 'NoneType' and 'float'
Traceback (most recent call last):
  File "/Users/madhavsamalla/Desktop/Road-Raksha/ai_server/main.py", line 254, in generate_frames
    if label == 'Accident' and getattr(track, 'det_conf', 0) < ALERT_THRESHOLD:
TypeError: '<' not supported between instances of 'NoneType' and 'float'

Error in loop: '<' not supported between instances of 'NoneType' and 'float'
Traceback (most recent call last):
  File "/Users/madhavsamalla/Desktop/Road-Raksha/ai_server/main.py", line 254, in generate_frames
    if label == 'Accident' and getattr(track, 'det_conf', 0) < ALERT_THRESHOLD:
TypeError: '<' not supported between instances of 'NoneType' and 'float'

Error in loop: '<' not supported between instances of 'NoneType' and 'float'
Traceback (most recent call last):
  File "/Users/madhavsamalla/Desktop/Road-Raksha/ai_server/main.py", line 254, in generate_frames
    if label == 'Accident' and getattr(track, 'det_conf', 0) < ALERT_THRESHOLD:
TypeError: '<' not supported between instances of 'NoneType' and 'float'

Error in loop: '<' not supported between instances of 'NoneType' and 'float'
Traceback (most recent call last):
  File "/Users/madhavsamalla/Desktop/Road-Raksha/ai_server/main.py", line 254, in generate_frames
    if label == 'Accident' and getattr(track, 'det_conf', 0) < ALERT_THRESHOLD:
TypeError: '<' not supported between instances of 'NoneType' and 'float'

Error in loop: '<' not supported between instances of 'NoneType' and 'float'
Traceback (most recent call last):
  File "/Users/madhavsamalla/Desktop/Road-Raksha/ai_server/main.py", line 254, in generate_frames
    if label == 'Accident' and getattr(track, 'det_conf', 0) < ALERT_THRESHOLD:
TypeError: '<' not supported between instances of 'NoneType' and 'float'

Error in loop: '<' not supported between instances of 'NoneType' and 'float'
Traceback (most recent call last):
  File "/Users/madhavsamalla/Desktop/Road-Raksha/ai_server/main.py", line 254, in generate_frames
    if label == 'Accident' and getattr(track, 'det_conf', 0) < ALERT_THRESHOLD:
TypeError: '<' not supported between instances of 'NoneType' and 'float'

Error in loop: '<' not supported between instances of 'NoneType' and 'float'
Traceback (most recent call last):
  File "/Users/madhavsamalla/Desktop/Road-Raksha/ai_server/main.py", line 254, in generate_frames
    if label == 'Accident' and getattr(track, 'det_conf', 0) < ALERT_THRESHOLD:
TypeError: '<' not supported between instances of 'NoneType' and 'float'

Error in loop: '<' not supported between instances of 'NoneType' and 'float'
Traceback (most recent call last):
  File "/Users/madhavsamalla/Desktop/Road-Raksha/ai_server/main.py", line 254, in generate_frames
    if label == 'Accident' and getattr(track, 'det_conf', 0) < ALERT_THRESHOLD:
TypeError: '<' not supported between instances of 'NoneType' and 'float'

Error in loop: '<' not supported between instances of 'NoneType' and 'float'
Traceback (most recent call last):
  File "/Users/madhavsamalla/Desktop/Road-Raksha/ai_server/main.py", line 254, in generate_frames
    if label == 'Accident' and getattr(track, 'det_conf', 0) < ALERT_THRESHOLD:
TypeError: '<' not supported between instances of 'NoneType' and 'float'

Error in loop: '<' not supported between instances of 'NoneType' and 'float'
Traceback (most recent call last):
  File "/Users/madhavsamalla/Desktop/Road-Raksha/ai_server/main.py", line 254, in generate_frames
    if label == 'Accident' and getattr(track, 'det_conf', 0) < ALERT_THRESHOLD:
TypeError: '<' not supported between instances of 'NoneType' and 'float'

Error in loop: '<' not supported between instances of 'NoneType' and 'float'
Traceback (most recent call last):
  File "/Users/madhavsamalla/Desktop/Road-Raksha/ai_server/main.py", line 254, in generate_frames
    if label == 'Accident' and getattr(track, 'det_conf', 0) < ALERT_THRESHOLD:
TypeError: '<' not supported between instances of 'NoneType' and 'float'

Error in loop: '<' not supported between instances of 'NoneType' and 'float'
Traceback (most recent call last):
  File "/Users/madhavsamalla/Desktop/Road-Raksha/ai_server/main.py", line 254, in generate_frames
    if label == 'Accident' and getattr(track, 'det_conf', 0) < ALERT_THRESHOLD:
TypeError: '<' not supported between instances of 'NoneType' and 'float'

Error in loop: '<' not supported between instances of 'NoneType' and 'float'
Traceback (most recent call last):
  File "/Users/madhavsamalla/Desktop/Road-Raksha/ai_server/main.py", line 254, in generate_frames
    if label == 'Accident' and getattr(track, 'det_conf', 0) < ALERT_THRESHOLD:
TypeError: '<' not supported between instances of 'NoneType' and 'float'

Error in loop: '<' not supported between instances of 'NoneType' and 'float'
Traceback (most recent call last):
  File "/Users/madhavsamalla/Desktop/Road-Raksha/ai_server/main.py", line 254, in generate_frames
    if label == 'Accident' and getattr(track, 'det_conf', 0) < ALERT_THRESHOLD:
TypeError: '<' not supported between instances of 'NoneType' and 'float'

Error in loop: '<' not supported between instances of 'NoneType' and 'float'
Traceback (most recent call last):
  File "/Users/madhavsamalla/Desktop/Road-Raksha/ai_server/main.py", line 254, in generate_frames
    if label == 'Accident' and getattr(track, 'det_conf', 0) < ALERT_THRESHOLD:
TypeError: '<' not supported between instances of 'NoneType' and 'float'

Error in loop: '<' not supported between instances of 'NoneType' and 'float'
Traceback (most recent call last):
  File "/Users/madhavsamalla/Desktop/Road-Raksha/ai_server/main.py", line 254, in generate_frames
    if label == 'Accident' and getattr(track, 'det_conf', 0) < ALERT_THRESHOLD:
TypeError: '<' not supported between instances of 'NoneType' and 'float'

Error in loop: '<' not supported between instances of 'NoneType' and 'float'
Traceback (most recent call last):
  File "/Users/madhavsamalla/Desktop/Road-Raksha/ai_server/main.py", line 254, in generate_frames
    if label == 'Accident' and getattr(track, 'det_conf', 0) < ALERT_THRESHOLD:
TypeError: '<' not supported between instances of 'NoneType' and 'float'

Error in loop: '<' not supported between instances of 'NoneType' and 'float'
Traceback (most recent call last):
  File "/Users/madhavsamalla/Desktop/Road-Raksha/ai_server/main.py", line 254, in generate_frames
    if label == 'Accident' and getattr(track, 'det_conf', 0) < ALERT_THRESHOLD:
TypeError: '<' not supported between instances of 'NoneType' and 'float'

Error in loop: '<' not supported between instances of 'NoneType' and 'float'
Traceback (most recent call last):
  File "/Users/madhavsamalla/Desktop/Road-Raksha/ai_server/main.py", line 254, in generate_frames
    if label == 'Accident' and getattr(track, 'det_conf', 0) < ALERT_THRESHOLD:
TypeError: '<' not supported between instances of 'NoneType' and 'float'

Error in loop: '<' not supported between instances of 'NoneType' and 'float'
Traceback (most recent call last):
  File "/Users/madhavsamalla/Desktop/Road-Raksha/ai_server/main.py", line 254, in generate_frames
    if label == 'Accident' and getattr(track, 'det_conf', 0) < ALERT_THRESHOLD:
TypeError: '<' not supported between instances of 'NoneType' and 'float'

Error in loop: '<' not supported between instances of 'NoneType' and 'float'
Traceback (most recent call last):
  File "/Users/madhavsamalla/Desktop/Road-Raksha/ai_server/main.py", line 254, in generate_frames
    if label == 'Accident' and getattr(track, 'det_conf', 0) < ALERT_THRESHOLD:
TypeError: '<' not supported between instances of 'NoneType' and 'float'

Error in loop: '<' not supported between instances of 'NoneType' and 'float'
Traceback (most recent call last):
  File "/Users/madhavsamalla/Desktop/Road-Raksha/ai_server/main.py", line 254, in generate_frames
    if label == 'Accident' and getattr(track, 'det_conf', 0) < ALERT_THRESHOLD:
TypeError: '<' not supported between instances of 'NoneType' and 'float'

Error in loop: '<' not supported between instances of 'NoneType' and 'float'
Traceback (most recent call last):
  File "/Users/madhavsamalla/Desktop/Road-Raksha/ai_server/main.py", line 254, in generate_frames
    if label == 'Accident' and getattr(track, 'det_conf', 0) < ALERT_THRESHOLD:
TypeError: '<' not supported between instances of 'NoneType' and 'float'

Error in loop: '<' not supported between instances of 'NoneType' and 'float'
Traceback (most recent call last):
  File "/Users/madhavsamalla/Desktop/Road-Raksha/ai_server/main.py", line 254, in generate_frames
    if label == 'Accident' and getattr(track, 'det_conf', 0) < ALERT_THRESHOLD:
TypeError: '<' not supported between instances of 'NoneType' and 'float'

Error in loop: '<' not supported between instances of 'NoneType' and 'float'
Traceback (most recent call last):
  File "/Users/madhavsamalla/Desktop/Road-Raksha/ai_server/main.py", line 254, in generate_frames
    if label == 'Accident' and getattr(track, 'det_conf', 0) < ALERT_THRESHOLD:
TypeError: '<' not supported between instances of 'NoneType' and 'float'

Error in loop: '<' not supported between instances of 'NoneType' and 'float'
Traceback (most recent call last):
  File "/Users/madhavsamalla/Desktop/Road-Raksha/ai_server/main.py", line 254, in generate_frames
    if label == 'Accident' and getattr(track, 'det_conf', 0) < ALERT_THRESHOLD:
TypeError: '<' not supported between instances of 'NoneType' and 'float'

Error in loop: '<' not supported between instances of 'NoneType' and 'float'
Traceback (most recent call last):
  File "/Users/madhavsamalla/Desktop/Road-Raksha/ai_server/main.py", line 254, in generate_frames
    if label == 'Accident' and getattr(track, 'det_conf', 0) < ALERT_THRESHOLD:
TypeError: '<' not supported between instances of 'NoneType' and 'float'

Error in loop: '<' not supported between instances of 'NoneType' and 'float'
Traceback (most recent call last):
  File "/Users/madhavsamalla/Desktop/Road-Raksha/ai_server/main.py", line 254, in generate_frames
    if label == 'Accident' and getattr(track, 'det_conf', 0) < ALERT_THRESHOLD:
TypeError: '<' not supported between instances of 'NoneType' and 'float'

Error in loop: '<' not supported between instances of 'NoneType' and 'float'
Traceback (most recent call last):
  File "/Users/madhavsamalla/Desktop/Road-Raksha/ai_server/main.py", line 254, in generate_frames
    if label == 'Accident' and getattr(track, 'det_conf', 0) < ALERT_THRESHOLD:
TypeError: '<' not supported between instances of 'NoneType' and 'float'

Error in loop: '<' not supported between instances of 'NoneType' and 'float'
Traceback (most recent call last):
  File "/Users/madhavsamalla/Desktop/Road-Raksha/ai_server/main.py", line 254, in generate_frames
    if label == 'Accident' and getattr(track, 'det_conf', 0) < ALERT_THRESHOLD:
TypeError: '<' not supported between instances of 'NoneType' and 'float'

Error in loop: '<' not supported between instances of 'NoneType' and 'float'
Traceback (most recent call last):
  File "/Users/madhavsamalla/Desktop/Road-Raksha/ai_server/main.py", line 254, in generate_frames
    if label == 'Accident' and getattr(track, 'det_conf', 0) < ALERT_THRESHOLD:
TypeError: '<' not supported between instances of 'NoneType' and 'float'

Error in loop: '<' not supported between instances of 'NoneType' and 'float'
Traceback (most recent call last):
  File "/Users/madhavsamalla/Desktop/Road-Raksha/ai_server/main.py", line 254, in generate_frames
    if label == 'Accident' and getattr(track, 'det_conf', 0) < ALERT_THRESHOLD:
TypeError: '<' not supported between instances of 'NoneType' and 'float'

Error in loop: '<' not supported between instances of 'NoneType' and 'float'
Traceback (most recent call last):
  File "/Users/madhavsamalla/Desktop/Road-Raksha/ai_server/main.py", line 254, in generate_frames
    if label == 'Accident' and getattr(track, 'det_conf', 0) < ALERT_THRESHOLD:
TypeError: '<' not supported between instances of 'NoneType' and 'float'

Error in loop: '<' not supported between instances of 'NoneType' and 'float'
Traceback (most recent call last):
  File "/Users/madhavsamalla/Desktop/Road-Raksha/ai_server/main.py", line 254, in generate_frames
    if label == 'Accident' and getattr(track, 'det_conf', 0) < ALERT_THRESHOLD:
TypeError: '<' not supported between instances of 'NoneType' and 'float'

Error in loop: '<' not supported between instances of 'NoneType' and 'float'
Traceback (most recent call last):
  File "/Users/madhavsamalla/Desktop/Road-Raksha/ai_server/main.py", line 254, in generate_frames
    if label == 'Accident' and getattr(track, 'det_conf', 0) < ALERT_THRESHOLD:
TypeError: '<' not supported between instances of 'NoneType' and 'float'

Error in loop: '<' not supported between instances of 'NoneType' and 'float'
Traceback (most recent call last):
  File "/Users/madhavsamalla/Desktop/Road-Raksha/ai_server/main.py", line 254, in generate_frames
    if label == 'Accident' and getattr(track, 'det_conf', 0) < ALERT_THRESHOLD:
TypeError: '<' not supported between instances of 'NoneType' and 'float'

Error in loop: '<' not supported between instances of 'NoneType' and 'float'
Traceback (most recent call last):
  File "/Users/madhavsamalla/Desktop/Road-Raksha/ai_server/main.py", line 254, in generate_frames
    if label == 'Accident' and getattr(track, 'det_conf', 0) < ALERT_THRESHOLD:
TypeError: '<' not supported between instances of 'NoneType' and 'float'

Error in loop: '<' not supported between instances of 'NoneType' and 'float'
Traceback (most recent call last):
  File "/Users/madhavsamalla/Desktop/Road-Raksha/ai_server/main.py", line 254, in generate_frames
    if label == 'Accident' and getattr(track, 'det_conf', 0) < ALERT_THRESHOLD:
TypeError: '<' not supported between instances of 'NoneType' and 'float'

Error in loop: '<' not supported between instances of 'NoneType' and 'float'
Traceback (most recent call last):
  File "/Users/madhavsamalla/Desktop/Road-Raksha/ai_server/main.py", line 254, in generate_frames
    if label == 'Accident' and getattr(track, 'det_conf', 0) < ALERT_THRESHOLD:
TypeError: '<' not supported between instances of 'NoneType' and 'float'

Error in loop: '<' not supported between instances of 'NoneType' and 'float'
Traceback (most recent call last):
  File "/Users/madhavsamalla/Desktop/Road-Raksha/ai_server/main.py", line 254, in generate_frames
    if label == 'Accident' and getattr(track, 'det_conf', 0) < ALERT_THRESHOLD:
TypeError: '<' not supported between instances of 'NoneType' and 'float'

Error in loop: '<' not supported between instances of 'NoneType' and 'float'
Traceback (most recent call last):
  File "/Users/madhavsamalla/Desktop/Road-Raksha/ai_server/main.py", line 254, in generate_frames
    if label == 'Accident' and getattr(track, 'det_conf', 0) < ALERT_THRESHOLD:
TypeError: '<' not supported between instances of 'NoneType' and 'float'

Error in loop: '<' not supported between instances of 'NoneType' and 'float'
Traceback (most recent call last):
  File "/Users/madhavsamalla/Desktop/Road-Raksha/ai_server/main.py", line 254, in generate_frames
    if label == 'Accident' and getattr(track, 'det_conf', 0) < ALERT_THRESHOLD:
TypeError: '<' not supported between instances of 'NoneType' and 'float'

Error in loop: '<' not supported between instances of 'NoneType' and 'float'
Traceback (most recent call last):
  File "/Users/madhavsamalla/Desktop/Road-Raksha/ai_server/main.py", line 254, in generate_frames
    if label == 'Accident' and getattr(track, 'det_conf', 0) < ALERT_THRESHOLD:
TypeError: '<' not supported between instances of 'NoneType' and 'float'

Error in loop: '<' not supported between instances of 'NoneType' and 'float'
Traceback (most recent call last):
  File "/Users/madhavsamalla/Desktop/Road-Raksha/ai_server/main.py", line 254, in generate_frames
    if label == 'Accident' and getattr(track, 'det_conf', 0) < ALERT_THRESHOLD:
TypeError: '<' not supported between instances of 'NoneType' and 'float'

Error in loop: '<' not supported between instances of 'NoneType' and 'float'
Traceback (most recent call last):
  File "/Users/madhavsamalla/Desktop/Road-Raksha/ai_server/main.py", line 254, in generate_frames
    if label == 'Accident' and getattr(track, 'det_conf', 0) < ALERT_THRESHOLD:
TypeError: '<' not supported between instances of 'NoneType' and 'float'

Error in loop: '<' not supported between instances of 'NoneType' and 'float'
Traceback (most recent call last):
  File "/Users/madhavsamalla/Desktop/Road-Raksha/ai_server/main.py", line 254, in generate_frames
    if label == 'Accident' and getattr(track, 'det_conf', 0) < ALERT_THRESHOLD:
TypeError: '<' not supported between instances of 'NoneType' and 'float'

Error in loop: '<' not supported between instances of 'NoneType' and 'float'
Traceback (most recent call last):
  File "/Users/madhavsamalla/Desktop/Road-Raksha/ai_server/main.py", line 254, in generate_frames
    if label == 'Accident' and getattr(track, 'det_conf', 0) < ALERT_THRESHOLD:
TypeError: '<' not supported between instances of 'NoneType' and 'float'

Error in loop: '<' not supported between instances of 'NoneType' and 'float'
Traceback (most recent call last):
  File "/Users/madhavsamalla/Desktop/Road-Raksha/ai_server/main.py", line 254, in generate_frames
    if label == 'Accident' and getattr(track, 'det_conf', 0) < ALERT_THRESHOLD:
TypeError: '<' not supported between instances of 'NoneType' and 'float'

Error in loop: '<' not supported between instances of 'NoneType' and 'float'
Traceback (most recent call last):
  File "/Users/madhavsamalla/Desktop/Road-Raksha/ai_server/main.py", line 254, in generate_frames
    if label == 'Accident' and getattr(track, 'det_conf', 0) < ALERT_THRESHOLD:
TypeError: '<' not supported between instances of 'NoneType' and 'float'

Error in loop: '<' not supported between instances of 'NoneType' and 'float'
Traceback (most recent call last):
  File "/Users/madhavsamalla/Desktop/Road-Raksha/ai_server/main.py", line 254, in generate_frames
    if label == 'Accident' and getattr(track, 'det_conf', 0) < ALERT_THRESHOLD:
TypeError: '<' not supported between instances of 'NoneType' and 'float'

Error in loop: '<' not supported between instances of 'NoneType' and 'float'
Traceback (most recent call last):
  File "/Users/madhavsamalla/Desktop/Road-Raksha/ai_server/main.py", line 254, in generate_frames
    if label == 'Accident' and getattr(track, 'det_conf', 0) < ALERT_THRESHOLD:
TypeError: '<' not supported between instances of 'NoneType' and 'float'

Error in loop: '<' not supported between instances of 'NoneType' and 'float'
Traceback (most recent call last):
  File "/Users/madhavsamalla/Desktop/Road-Raksha/ai_server/main.py", line 254, in generate_frames
    if label == 'Accident' and getattr(track, 'det_conf', 0) < ALERT_THRESHOLD:
TypeError: '<' not supported between instances of 'NoneType' and 'float'

Error in loop: '<' not supported between instances of 'NoneType' and 'float'
Traceback (most recent call last):
  File "/Users/madhavsamalla/Desktop/Road-Raksha/ai_server/main.py", line 254, in generate_frames
    if label == 'Accident' and getattr(track, 'det_conf', 0) < ALERT_THRESHOLD:
TypeError: '<' not supported between instances of 'NoneType' and 'float'

Error in loop: '<' not supported between instances of 'NoneType' and 'float'
Traceback (most recent call last):
  File "/Users/madhavsamalla/Desktop/Road-Raksha/ai_server/main.py", line 254, in generate_frames
    if label == 'Accident' and getattr(track, 'det_conf', 0) < ALERT_THRESHOLD:
TypeError: '<' not supported between instances of 'NoneType' and 'float'

Error in loop: '<' not supported between instances of 'NoneType' and 'float'
Traceback (most recent call last):
  File "/Users/madhavsamalla/Desktop/Road-Raksha/ai_server/main.py", line 254, in generate_frames
    if label == 'Accident' and getattr(track, 'det_conf', 0) < ALERT_THRESHOLD:
TypeError: '<' not supported between instances of 'NoneType' and 'float'

Error in loop: '<' not supported between instances of 'NoneType' and 'float'
Traceback (most recent call last):
  File "/Users/madhavsamalla/Desktop/Road-Raksha/ai_server/main.py", line 254, in generate_frames
    if label == 'Accident' and getattr(track, 'det_conf', 0) < ALERT_THRESHOLD:
TypeError: '<' not supported between instances of 'NoneType' and 'float'

Error in loop: '<' not supported between instances of 'NoneType' and 'float'
Traceback (most recent call last):
  File "/Users/madhavsamalla/Desktop/Road-Raksha/ai_server/main.py", line 254, in generate_frames
    if label == 'Accident' and getattr(track, 'det_conf', 0) < ALERT_THRESHOLD:
TypeError: '<' not supported between instances of 'NoneType' and 'float'

Error in loop: '<' not supported between instances of 'NoneType' and 'float'
Traceback (most recent call last):
  File "/Users/madhavsamalla/Desktop/Road-Raksha/ai_server/main.py", line 254, in generate_frames
    if label == 'Accident' and getattr(track, 'det_conf', 0) < ALERT_THRESHOLD:
TypeError: '<' not supported between instances of 'NoneType' and 'float'

Error in loop: '<' not supported between instances of 'NoneType' and 'float'
Traceback (most recent call last):
  File "/Users/madhavsamalla/Desktop/Road-Raksha/ai_server/main.py", line 254, in generate_frames
    if label == 'Accident' and getattr(track, 'det_conf', 0) < ALERT_THRESHOLD:
TypeError: '<' not supported between instances of 'NoneType' and 'float'

Error in loop: '<' not supported between instances of 'NoneType' and 'float'
Traceback (most recent call last):
  File "/Users/madhavsamalla/Desktop/Road-Raksha/ai_server/main.py", line 254, in generate_frames
    if label == 'Accident' and getattr(track, 'det_conf', 0) < ALERT_THRESHOLD:
TypeError: '<' not supported between instances of 'NoneType' and 'float'

Error in loop: '<' not supported between instances of 'NoneType' and 'float'
Traceback (most recent call last):
  File "/Users/madhavsamalla/Desktop/Road-Raksha/ai_server/main.py", line 254, in generate_frames
    if label == 'Accident' and getattr(track, 'det_conf', 0) < ALERT_THRESHOLD:
TypeError: '<' not supported between instances of 'NoneType' and 'float'

Error in loop: '<' not supported between instances of 'NoneType' and 'float'
Traceback (most recent call last):
  File "/Users/madhavsamalla/Desktop/Road-Raksha/ai_server/main.py", line 254, in generate_frames
    if label == 'Accident' and getattr(track, 'det_conf', 0) < ALERT_THRESHOLD:
TypeError: '<' not supported between instances of 'NoneType' and 'float'

Error in loop: '<' not supported between instances of 'NoneType' and 'float'
Traceback (most recent call last):
  File "/Users/madhavsamalla/Desktop/Road-Raksha/ai_server/main.py", line 254, in generate_frames
    if label == 'Accident' and getattr(track, 'det_conf', 0) < ALERT_THRESHOLD:
TypeError: '<' not supported between instances of 'NoneType' and 'float'

Error in loop: '<' not supported between instances of 'NoneType' and 'float'
Traceback (most recent call last):
  File "/Users/madhavsamalla/Desktop/Road-Raksha/ai_server/main.py", line 254, in generate_frames
    if label == 'Accident' and getattr(track, 'det_conf', 0) < ALERT_THRESHOLD:
TypeError: '<' not supported between instances of 'NoneType' and 'float'

Error in loop: '<' not supported between instances of 'NoneType' and 'float'
Traceback (most recent call last):
  File "/Users/madhavsamalla/Desktop/Road-Raksha/ai_server/main.py", line 254, in generate_frames
    if label == 'Accident' and getattr(track, 'det_conf', 0) < ALERT_THRESHOLD:
TypeError: '<' not supported between instances of 'NoneType' and 'float'

Error in loop: '<' not supported between instances of 'NoneType' and 'float'
Traceback (most recent call last):
  File "/Users/madhavsamalla/Desktop/Road-Raksha/ai_server/main.py", line 254, in generate_frames
    if label == 'Accident' and getattr(track, 'det_conf', 0) < ALERT_THRESHOLD:
TypeError: '<' not supported between instances of 'NoneType' and 'float'

Error in loop: '<' not supported between instances of 'NoneType' and 'float'
Traceback (most recent call last):
  File "/Users/madhavsamalla/Desktop/Road-Raksha/ai_server/main.py", line 254, in generate_frames
    if label == 'Accident' and getattr(track, 'det_conf', 0) < ALERT_THRESHOLD:
TypeError: '<' not supported between instances of 'NoneType' and 'float'

Error in loop: '<' not supported between instances of 'NoneType' and 'float'
Traceback (most recent call last):
  File "/Users/madhavsamalla/Desktop/Road-Raksha/ai_server/main.py", line 254, in generate_frames
    if label == 'Accident' and getattr(track, 'det_conf', 0) < ALERT_THRESHOLD:
TypeError: '<' not supported between instances of 'NoneType' and 'float'

Error in loop: '<' not supported between instances of 'NoneType' and 'float'
Traceback (most recent call last):
  File "/Users/madhavsamalla/Desktop/Road-Raksha/ai_server/main.py", line 254, in generate_frames
    if label == 'Accident' and getattr(track, 'det_conf', 0) < ALERT_THRESHOLD:
TypeError: '<' not supported between instances of 'NoneType' and 'float'

Error in loop: '<' not supported between instances of 'NoneType' and 'float'
Traceback (most recent call last):
  File "/Users/madhavsamalla/Desktop/Road-Raksha/ai_server/main.py", line 254, in generate_frames
    if label == 'Accident' and getattr(track, 'det_conf', 0) < ALERT_THRESHOLD:
TypeError: '<' not supported between instances of 'NoneType' and 'float'

Error in loop: '<' not supported between instances of 'NoneType' and 'float'
Traceback (most recent call last):
  File "/Users/madhavsamalla/Desktop/Road-Raksha/ai_server/main.py", line 254, in generate_frames
    if label == 'Accident' and getattr(track, 'det_conf', 0) < ALERT_THRESHOLD:
TypeError: '<' not supported between instances of 'NoneType' and 'float'

Error in loop: '<' not supported between instances of 'NoneType' and 'float'
Traceback (most recent call last):
  File "/Users/madhavsamalla/Desktop/Road-Raksha/ai_server/main.py", line 254, in generate_frames
    if label == 'Accident' and getattr(track, 'det_conf', 0) < ALERT_THRESHOLD:
TypeError: '<' not supported between instances of 'NoneType' and 'float'

Error in loop: '<' not supported between instances of 'NoneType' and 'float'
Traceback (most recent call last):
  File "/Users/madhavsamalla/Desktop/Road-Raksha/ai_server/main.py", line 254, in generate_frames
    if label == 'Accident' and getattr(track, 'det_conf', 0) < ALERT_THRESHOLD:
TypeError: '<' not supported between instances of 'NoneType' and 'float'

Error in loop: '<' not supported between instances of 'NoneType' and 'float'
Traceback (most recent call last):
  File "/Users/madhavsamalla/Desktop/Road-Raksha/ai_server/main.py", line 254, in generate_frames
    if label == 'Accident' and getattr(track, 'det_conf', 0) < ALERT_THRESHOLD:
TypeError: '<' not supported between instances of 'NoneType' and 'float'

Error in loop: '<' not supported between instances of 'NoneType' and 'float'
Traceback (most recent call last):
  File "/Users/madhavsamalla/Desktop/Road-Raksha/ai_server/main.py", line 254, in generate_frames
    if label == 'Accident' and getattr(track, 'det_conf', 0) < ALERT_THRESHOLD:
TypeError: '<' not supported between instances of 'NoneType' and 'float'

Error in loop: '<' not supported between instances of 'NoneType' and 'float'
Traceback (most recent call last):
  File "/Users/madhavsamalla/Desktop/Road-Raksha/ai_server/main.py", line 254, in generate_frames
    if label == 'Accident' and getattr(track, 'det_conf', 0) < ALERT_THRESHOLD:
TypeError: '<' not supported between instances of 'NoneType' and 'float'

Error in loop: '<' not supported between instances of 'NoneType' and 'float'
Traceback (most recent call last):
  File "/Users/madhavsamalla/Desktop/Road-Raksha/ai_server/main.py", line 254, in generate_frames
    if label == 'Accident' and getattr(track, 'det_conf', 0) < ALERT_THRESHOLD:
TypeError: '<' not supported between instances of 'NoneType' and 'float'

Error in loop: '<' not supported between instances of 'NoneType' and 'float'
Traceback (most recent call last):
  File "/Users/madhavsamalla/Desktop/Road-Raksha/ai_server/main.py", line 254, in generate_frames
    if label == 'Accident' and getattr(track, 'det_conf', 0) < ALERT_THRESHOLD:
TypeError: '<' not supported between instances of 'NoneType' and 'float'

Error in loop: '<' not supported between instances of 'NoneType' and 'float'
Traceback (most recent call last):
  File "/Users/madhavsamalla/Desktop/Road-Raksha/ai_server/main.py", line 254, in generate_frames
    if label == 'Accident' and getattr(track, 'det_conf', 0) < ALERT_THRESHOLD:
TypeError: '<' not supported between instances of 'NoneType' and 'float'

Error in loop: '<' not supported between instances of 'NoneType' and 'float'
Traceback (most recent call last):
  File "/Users/madhavsamalla/Desktop/Road-Raksha/ai_server/main.py", line 254, in generate_frames
    if label == 'Accident' and getattr(track, 'det_conf', 0) < ALERT_THRESHOLD:
TypeError: '<' not supported between instances of 'NoneType' and 'float'

Error in loop: '<' not supported between instances of 'NoneType' and 'float'
Traceback (most recent call last):
  File "/Users/madhavsamalla/Desktop/Road-Raksha/ai_server/main.py", line 254, in generate_frames
    if label == 'Accident' and getattr(track, 'det_conf', 0) < ALERT_THRESHOLD:
TypeError: '<' not supported between instances of 'NoneType' and 'float'

Error in loop: '<' not supported between instances of 'NoneType' and 'float'
Traceback (most recent call last):
  File "/Users/madhavsamalla/Desktop/Road-Raksha/ai_server/main.py", line 254, in generate_frames
    if label == 'Accident' and getattr(track, 'det_conf', 0) < ALERT_THRESHOLD:
TypeError: '<' not supported between instances of 'NoneType' and 'float'

Error in loop: '<' not supported between instances of 'NoneType' and 'float'
Traceback (most recent call last):
  File "/Users/madhavsamalla/Desktop/Road-Raksha/ai_server/main.py", line 254, in generate_frames
    if label == 'Accident' and getattr(track, 'det_conf', 0) < ALERT_THRESHOLD:
TypeError: '<' not supported between instances of 'NoneType' and 'float'

Error in loop: '<' not supported between instances of 'NoneType' and 'float'
Traceback (most recent call last):
  File "/Users/madhavsamalla/Desktop/Road-Raksha/ai_server/main.py", line 254, in generate_frames
    if label == 'Accident' and getattr(track, 'det_conf', 0) < ALERT_THRESHOLD:
TypeError: '<' not supported between instances of 'NoneType' and 'float'

Error in loop: '<' not supported between instances of 'NoneType' and 'float'
Traceback (most recent call last):
  File "/Users/madhavsamalla/Desktop/Road-Raksha/ai_server/main.py", line 254, in generate_frames
    if label == 'Accident' and getattr(track, 'det_conf', 0) < ALERT_THRESHOLD:
TypeError: '<' not supported between instances of 'NoneType' and 'float'

Error in loop: '<' not supported between instances of 'NoneType' and 'float'
Traceback (most recent call last):
  File "/Users/madhavsamalla/Desktop/Road-Raksha/ai_server/main.py", line 254, in generate_frames
    if label == 'Accident' and getattr(track, 'det_conf', 0) < ALERT_THRESHOLD:
TypeError: '<' not supported between instances of 'NoneType' and 'float'

Error in loop: '<' not supported between instances of 'NoneType' and 'float'
Traceback (most recent call last):
  File "/Users/madhavsamalla/Desktop/Road-Raksha/ai_server/main.py", line 254, in generate_frames
    if label == 'Accident' and getattr(track, 'det_conf', 0) < ALERT_THRESHOLD:
TypeError: '<' not supported between instances of 'NoneType' and 'float'

Error in loop: '<' not supported between instances of 'NoneType' and 'float'
Traceback (most recent call last):
  File "/Users/madhavsamalla/Desktop/Road-Raksha/ai_server/main.py", line 254, in generate_frames
    if label == 'Accident' and getattr(track, 'det_conf', 0) < ALERT_THRESHOLD:
TypeError: '<' not supported between instances of 'NoneType' and 'float'

Error in loop: '<' not supported between instances of 'NoneType' and 'float'
Traceback (most recent call last):
  File "/Users/madhavsamalla/Desktop/Road-Raksha/ai_server/main.py", line 254, in generate_frames
    if label == 'Accident' and getattr(track, 'det_conf', 0) < ALERT_THRESHOLD:
TypeError: '<' not supported between instances of 'NoneType' and 'float'

Error in loop: '<' not supported between instances of 'NoneType' and 'float'
Traceback (most recent call last):
  File "/Users/madhavsamalla/Desktop/Road-Raksha/ai_server/main.py", line 254, in generate_frames
    if label == 'Accident' and getattr(track, 'det_conf', 0) < ALERT_THRESHOLD:
TypeError: '<' not supported between instances of 'NoneType' and 'float'

Error in loop: '<' not supported between instances of 'NoneType' and 'float'
Traceback (most recent call last):
  File "/Users/madhavsamalla/Desktop/Road-Raksha/ai_server/main.py", line 254, in generate_frames
    if label == 'Accident' and getattr(track, 'det_conf', 0) < ALERT_THRESHOLD:
TypeError: '<' not supported between instances of 'NoneType' and 'float'

Error in loop: '<' not supported between instances of 'NoneType' and 'float'
Traceback (most recent call last):
  File "/Users/madhavsamalla/Desktop/Road-Raksha/ai_server/main.py", line 254, in generate_frames
    if label == 'Accident' and getattr(track, 'det_conf', 0) < ALERT_THRESHOLD:
TypeError: '<' not supported between instances of 'NoneType' and 'float'

Error in loop: '<' not supported between instances of 'NoneType' and 'float'
Traceback (most recent call last):
  File "/Users/madhavsamalla/Desktop/Road-Raksha/ai_server/main.py", line 254, in generate_frames
    if label == 'Accident' and getattr(track, 'det_conf', 0) < ALERT_THRESHOLD:
TypeError: '<' not supported between instances of 'NoneType' and 'float'

Error in loop: '<' not supported between instances of 'NoneType' and 'float'
Traceback (most recent call last):
  File "/Users/madhavsamalla/Desktop/Road-Raksha/ai_server/main.py", line 254, in generate_frames
    if label == 'Accident' and getattr(track, 'det_conf', 0) < ALERT_THRESHOLD:
TypeError: '<' not supported between instances of 'NoneType' and 'float'

Error in loop: '<' not supported between instances of 'NoneType' and 'float'
Traceback (most recent call last):
  File "/Users/madhavsamalla/Desktop/Road-Raksha/ai_server/main.py", line 254, in generate_frames
    if label == 'Accident' and getattr(track, 'det_conf', 0) < ALERT_THRESHOLD:
TypeError: '<' not supported between instances of 'NoneType' and 'float'

Error in loop: '<' not supported between instances of 'NoneType' and 'float'
Traceback (most recent call last):
  File "/Users/madhavsamalla/Desktop/Road-Raksha/ai_server/main.py", line 254, in generate_frames
    if label == 'Accident' and getattr(track, 'det_conf', 0) < ALERT_THRESHOLD:
TypeError: '<' not supported between instances of 'NoneType' and 'float'

Error in loop: '<' not supported between instances of 'NoneType' and 'float'
Traceback (most recent call last):
  File "/Users/madhavsamalla/Desktop/Road-Raksha/ai_server/main.py", line 254, in generate_frames
    if label == 'Accident' and getattr(track, 'det_conf', 0) < ALERT_THRESHOLD:
TypeError: '<' not supported between instances of 'NoneType' and 'float'

Error in loop: '<' not supported between instances of 'NoneType' and 'float'
Traceback (most recent call last):
  File "/Users/madhavsamalla/Desktop/Road-Raksha/ai_server/main.py", line 254, in generate_frames
    if label == 'Accident' and getattr(track, 'det_conf', 0) < ALERT_THRESHOLD:
TypeError: '<' not supported between instances of 'NoneType' and 'float'

Error in loop: '<' not supported between instances of 'NoneType' and 'float'
Traceback (most recent call last):
  File "/Users/madhavsamalla/Desktop/Road-Raksha/ai_server/main.py", line 254, in generate_frames
    if label == 'Accident' and getattr(track, 'det_conf', 0) < ALERT_THRESHOLD:
TypeError: '<' not supported between instances of 'NoneType' and 'float'

Error in loop: '<' not supported between instances of 'NoneType' and 'float'
Traceback (most recent call last):
  File "/Users/madhavsamalla/Desktop/Road-Raksha/ai_server/main.py", line 254, in generate_frames
    if label == 'Accident' and getattr(track, 'det_conf', 0) < ALERT_THRESHOLD:
TypeError: '<' not supported between instances of 'NoneType' and 'float'

Error in loop: '<' not supported between instances of 'NoneType' and 'float'
Traceback (most recent call last):
  File "/Users/madhavsamalla/Desktop/Road-Raksha/ai_server/main.py", line 254, in generate_frames
    if label == 'Accident' and getattr(track, 'det_conf', 0) < ALERT_THRESHOLD:
TypeError: '<' not supported between instances of 'NoneType' and 'float'

Error in loop: '<' not supported between instances of 'NoneType' and 'float'
Traceback (most recent call last):
  File "/Users/madhavsamalla/Desktop/Road-Raksha/ai_server/main.py", line 254, in generate_frames
    if label == 'Accident' and getattr(track, 'det_conf', 0) < ALERT_THRESHOLD:
TypeError: '<' not supported between instances of 'NoneType' and 'float'

Error in loop: '<' not supported between instances of 'NoneType' and 'float'
Traceback (most recent call last):
  File "/Users/madhavsamalla/Desktop/Road-Raksha/ai_server/main.py", line 254, in generate_frames
    if label == 'Accident' and getattr(track, 'det_conf', 0) < ALERT_THRESHOLD:
TypeError: '<' not supported between instances of 'NoneType' and 'float'

Error in loop: '<' not supported between instances of 'NoneType' and 'float'
Traceback (most recent call last):
  File "/Users/madhavsamalla/Desktop/Road-Raksha/ai_server/main.py", line 254, in generate_frames
    if label == 'Accident' and getattr(track, 'det_conf', 0) < ALERT_THRESHOLD:
TypeError: '<' not supported between instances of 'NoneType' and 'float'

Error in loop: '<' not supported between instances of 'NoneType' and 'float'
Traceback (most recent call last):
  File "/Users/madhavsamalla/Desktop/Road-Raksha/ai_server/main.py", line 254, in generate_frames
    if label == 'Accident' and getattr(track, 'det_conf', 0) < ALERT_THRESHOLD:
TypeError: '<' not supported between instances of 'NoneType' and 'float'

Error in loop: '<' not supported between instances of 'NoneType' and 'float'
Traceback (most recent call last):
  File "/Users/madhavsamalla/Desktop/Road-Raksha/ai_server/main.py", line 254, in generate_frames
    if label == 'Accident' and getattr(track, 'det_conf', 0) < ALERT_THRESHOLD:
TypeError: '<' not supported between instances of 'NoneType' and 'float'

Error in loop: '<' not supported between instances of 'NoneType' and 'float'
Traceback (most recent call last):
  File "/Users/madhavsamalla/Desktop/Road-Raksha/ai_server/main.py", line 254, in generate_frames
    if label == 'Accident' and getattr(track, 'det_conf', 0) < ALERT_THRESHOLD:
TypeError: '<' not supported between instances of 'NoneType' and 'float'

Error in loop: '<' not supported between instances of 'NoneType' and 'float'
Traceback (most recent call last):
  File "/Users/madhavsamalla/Desktop/Road-Raksha/ai_server/main.py", line 254, in generate_frames
    if label == 'Accident' and getattr(track, 'det_conf', 0) < ALERT_THRESHOLD:
TypeError: '<' not supported between instances of 'NoneType' and 'float'

Error in loop: '<' not supported between instances of 'NoneType' and 'float'
Traceback (most recent call last):
  File "/Users/madhavsamalla/Desktop/Road-Raksha/ai_server/main.py", line 254, in generate_frames
    if label == 'Accident' and getattr(track, 'det_conf', 0) < ALERT_THRESHOLD:
TypeError: '<' not supported between instances of 'NoneType' and 'float'

Error in loop: '<' not supported between instances of 'NoneType' and 'float'
Traceback (most recent call last):
  File "/Users/madhavsamalla/Desktop/Road-Raksha/ai_server/main.py", line 254, in generate_frames
    if label == 'Accident' and getattr(track, 'det_conf', 0) < ALERT_THRESHOLD:
TypeError: '<' not supported between instances of 'NoneType' and 'float'

Error in loop: '<' not supported between instances of 'NoneType' and 'float'
Traceback (most recent call last):
  File "/Users/madhavsamalla/Desktop/Road-Raksha/ai_server/main.py", line 254, in generate_frames
    if label == 'Accident' and getattr(track, 'det_conf', 0) < ALERT_THRESHOLD:
TypeError: '<' not supported between instances of 'NoneType' and 'float'

Error in loop: '<' not supported between instances of 'NoneType' and 'float'
Traceback (most recent call last):
  File "/Users/madhavsamalla/Desktop/Road-Raksha/ai_server/main.py", line 254, in generate_frames
    if label == 'Accident' and getattr(track, 'det_conf', 0) < ALERT_THRESHOLD:
TypeError: '<' not supported between instances of 'NoneType' and 'float'

Error in loop: '<' not supported between instances of 'NoneType' and 'float'
Traceback (most recent call last):
  File "/Users/madhavsamalla/Desktop/Road-Raksha/ai_server/main.py", line 254, in generate_frames
    if label == 'Accident' and getattr(track, 'det_conf', 0) < ALERT_THRESHOLD:
TypeError: '<' not supported between instances of 'NoneType' and 'float'

Error in loop: '<' not supported between instances of 'NoneType' and 'float'
Traceback (most recent call last):
  File "/Users/madhavsamalla/Desktop/Road-Raksha/ai_server/main.py", line 254, in generate_frames
    if label == 'Accident' and getattr(track, 'det_conf', 0) < ALERT_THRESHOLD:
TypeError: '<' not supported between instances of 'NoneType' and 'float'

Error in loop: '<' not supported between instances of 'NoneType' and 'float'
Traceback (most recent call last):
  File "/Users/madhavsamalla/Desktop/Road-Raksha/ai_server/main.py", line 254, in generate_frames
    if label == 'Accident' and getattr(track, 'det_conf', 0) < ALERT_THRESHOLD:
TypeError: '<' not supported between instances of 'NoneType' and 'float'

Error in loop: '<' not supported between instances of 'NoneType' and 'float'
Traceback (most recent call last):
  File "/Users/madhavsamalla/Desktop/Road-Raksha/ai_server/main.py", line 254, in generate_frames
    if label == 'Accident' and getattr(track, 'det_conf', 0) < ALERT_THRESHOLD:
TypeError: '<' not supported between instances of 'NoneType' and 'float'

Error in loop: '<' not supported between instances of 'NoneType' and 'float'
Traceback (most recent call last):
  File "/Users/madhavsamalla/Desktop/Road-Raksha/ai_server/main.py", line 254, in generate_frames
    if label == 'Accident' and getattr(track, 'det_conf', 0) < ALERT_THRESHOLD:
TypeError: '<' not supported between instances of 'NoneType' and 'float'

Error in loop: '<' not supported between instances of 'NoneType' and 'float'
Traceback (most recent call last):
  File "/Users/madhavsamalla/Desktop/Road-Raksha/ai_server/main.py", line 254, in generate_frames
    if label == 'Accident' and getattr(track, 'det_conf', 0) < ALERT_THRESHOLD:
TypeError: '<' not supported between instances of 'NoneType' and 'float'

Error in loop: '<' not supported between instances of 'NoneType' and 'float'
Traceback (most recent call last):
  File "/Users/madhavsamalla/Desktop/Road-Raksha/ai_server/main.py", line 254, in generate_frames
    if label == 'Accident' and getattr(track, 'det_conf', 0) < ALERT_THRESHOLD:
TypeError: '<' not supported between instances of 'NoneType' and 'float'

Error in loop: '<' not supported between instances of 'NoneType' and 'float'
Traceback (most recent call last):
  File "/Users/madhavsamalla/Desktop/Road-Raksha/ai_server/main.py", line 254, in generate_frames
    if label == 'Accident' and getattr(track, 'det_conf', 0) < ALERT_THRESHOLD:
TypeError: '<' not supported between instances of 'NoneType' and 'float'

Error in loop: '<' not supported between instances of 'NoneType' and 'float'
Traceback (most recent call last):
  File "/Users/madhavsamalla/Desktop/Road-Raksha/ai_server/main.py", line 254, in generate_frames
    if label == 'Accident' and getattr(track, 'det_conf', 0) < ALERT_THRESHOLD:
TypeError: '<' not supported between instances of 'NoneType' and 'float'

Error in loop: '<' not supported between instances of 'NoneType' and 'float'
Traceback (most recent call last):
  File "/Users/madhavsamalla/Desktop/Road-Raksha/ai_server/main.py", line 254, in generate_frames
    if label == 'Accident' and getattr(track, 'det_conf', 0) < ALERT_THRESHOLD:
TypeError: '<' not supported between instances of 'NoneType' and 'float'

Error in loop: '<' not supported between instances of 'NoneType' and 'float'
Traceback (most recent call last):
  File "/Users/madhavsamalla/Desktop/Road-Raksha/ai_server/main.py", line 254, in generate_frames
    if label == 'Accident' and getattr(track, 'det_conf', 0) < ALERT_THRESHOLD:
TypeError: '<' not supported between instances of 'NoneType' and 'float'

Error in loop: '<' not supported between instances of 'NoneType' and 'float'
Traceback (most recent call last):
  File "/Users/madhavsamalla/Desktop/Road-Raksha/ai_server/main.py", line 254, in generate_frames
    if label == 'Accident' and getattr(track, 'det_conf', 0) < ALERT_THRESHOLD:
TypeError: '<' not supported between instances of 'NoneType' and 'float'

Error in loop: '<' not supported between instances of 'NoneType' and 'float'
Traceback (most recent call last):
  File "/Users/madhavsamalla/Desktop/Road-Raksha/ai_server/main.py", line 254, in generate_frames
    if label == 'Accident' and getattr(track, 'det_conf', 0) < ALERT_THRESHOLD:
TypeError: '<' not supported between instances of 'NoneType' and 'float'

Error in loop: '<' not supported between instances of 'NoneType' and 'float'
Traceback (most recent call last):
  File "/Users/madhavsamalla/Desktop/Road-Raksha/ai_server/main.py", line 254, in generate_frames
    if label == 'Accident' and getattr(track, 'det_conf', 0) < ALERT_THRESHOLD:
TypeError: '<' not supported between instances of 'NoneType' and 'float'

Error in loop: '<' not supported between instances of 'NoneType' and 'float'
Traceback (most recent call last):
  File "/Users/madhavsamalla/Desktop/Road-Raksha/ai_server/main.py", line 254, in generate_frames
    if label == 'Accident' and getattr(track, 'det_conf', 0) < ALERT_THRESHOLD:
TypeError: '<' not supported between instances of 'NoneType' and 'float'

Error in loop: '<' not supported between instances of 'NoneType' and 'float'
Traceback (most recent call last):
  File "/Users/madhavsamalla/Desktop/Road-Raksha/ai_server/main.py", line 254, in generate_frames
    if label == 'Accident' and getattr(track, 'det_conf', 0) < ALERT_THRESHOLD:
TypeError: '<' not supported between instances of 'NoneType' and 'float'

Error in loop: '<' not supported between instances of 'NoneType' and 'float'
Traceback (most recent call last):
  File "/Users/madhavsamalla/Desktop/Road-Raksha/ai_server/main.py", line 254, in generate_frames
    if label == 'Accident' and getattr(track, 'det_conf', 0) < ALERT_THRESHOLD:
TypeError: '<' not supported between instances of 'NoneType' and 'float'

Error in loop: '<' not supported between instances of 'NoneType' and 'float'
Traceback (most recent call last):
  File "/Users/madhavsamalla/Desktop/Road-Raksha/ai_server/main.py", line 254, in generate_frames
    if label == 'Accident' and getattr(track, 'det_conf', 0) < ALERT_THRESHOLD:
TypeError: '<' not supported between instances of 'NoneType' and 'float'

Error in loop: '<' not supported between instances of 'NoneType' and 'float'
Traceback (most recent call last):
  File "/Users/madhavsamalla/Desktop/Road-Raksha/ai_server/main.py", line 254, in generate_frames
    if label == 'Accident' and getattr(track, 'det_conf', 0) < ALERT_THRESHOLD:
TypeError: '<' not supported between instances of 'NoneType' and 'float'

Error in loop: '<' not supported between instances of 'NoneType' and 'float'
Traceback (most recent call last):
  File "/Users/madhavsamalla/Desktop/Road-Raksha/ai_server/main.py", line 254, in generate_frames
    if label == 'Accident' and getattr(track, 'det_conf', 0) < ALERT_THRESHOLD:
TypeError: '<' not supported between instances of 'NoneType' and 'float'

Error in loop: '<' not supported between instances of 'NoneType' and 'float'
Traceback (most recent call last):
  File "/Users/madhavsamalla/Desktop/Road-Raksha/ai_server/main.py", line 254, in generate_frames
    if label == 'Accident' and getattr(track, 'det_conf', 0) < ALERT_THRESHOLD:
TypeError: '<' not supported between instances of 'NoneType' and 'float'

Error in loop: '<' not supported between instances of 'NoneType' and 'float'
Traceback (most recent call last):
  File "/Users/madhavsamalla/Desktop/Road-Raksha/ai_server/main.py", line 254, in generate_frames
    if label == 'Accident' and getattr(track, 'det_conf', 0) < ALERT_THRESHOLD:
TypeError: '<' not supported between instances of 'NoneType' and 'float'

Error in loop: '<' not supported between instances of 'NoneType' and 'float'
Traceback (most recent call last):
  File "/Users/madhavsamalla/Desktop/Road-Raksha/ai_server/main.py", line 254, in generate_frames
    if label == 'Accident' and getattr(track, 'det_conf', 0) < ALERT_THRESHOLD:
TypeError: '<' not supported between instances of 'NoneType' and 'float'

Error in loop: '<' not supported between instances of 'NoneType' and 'float'
Traceback (most recent call last):
  File "/Users/madhavsamalla/Desktop/Road-Raksha/ai_server/main.py", line 254, in generate_frames
    if label == 'Accident' and getattr(track, 'det_conf', 0) < ALERT_THRESHOLD:
TypeError: '<' not supported between instances of 'NoneType' and 'float'

Error in loop: '<' not supported between instances of 'NoneType' and 'float'
Traceback (most recent call last):
  File "/Users/madhavsamalla/Desktop/Road-Raksha/ai_server/main.py", line 254, in generate_frames
    if label == 'Accident' and getattr(track, 'det_conf', 0) < ALERT_THRESHOLD:
TypeError: '<' not supported between instances of 'NoneType' and 'float'

Error in loop: '<' not supported between instances of 'NoneType' and 'float'
Traceback (most recent call last):
  File "/Users/madhavsamalla/Desktop/Road-Raksha/ai_server/main.py", line 254, in generate_frames
    if label == 'Accident' and getattr(track, 'det_conf', 0) < ALERT_THRESHOLD:
TypeError: '<' not supported between instances of 'NoneType' and 'float'

Error in loop: '<' not supported between instances of 'NoneType' and 'float'
Traceback (most recent call last):
  File "/Users/madhavsamalla/Desktop/Road-Raksha/ai_server/main.py", line 254, in generate_frames
    if label == 'Accident' and getattr(track, 'det_conf', 0) < ALERT_THRESHOLD:
TypeError: '<' not supported between instances of 'NoneType' and 'float'

Error in loop: '<' not supported between instances of 'NoneType' and 'float'
Traceback (most recent call last):
  File "/Users/madhavsamalla/Desktop/Road-Raksha/ai_server/main.py", line 254, in generate_frames
    if label == 'Accident' and getattr(track, 'det_conf', 0) < ALERT_THRESHOLD:
TypeError: '<' not supported between instances of 'NoneType' and 'float'

Error in loop: '<' not supported between instances of 'NoneType' and 'float'
Traceback (most recent call last):
  File "/Users/madhavsamalla/Desktop/Road-Raksha/ai_server/main.py", line 254, in generate_frames
    if label == 'Accident' and getattr(track, 'det_conf', 0) < ALERT_THRESHOLD:
TypeError: '<' not supported between instances of 'NoneType' and 'float'

Error in loop: '<' not supported between instances of 'NoneType' and 'float'
Traceback (most recent call last):
  File "/Users/madhavsamalla/Desktop/Road-Raksha/ai_server/main.py", line 254, in generate_frames
    if label == 'Accident' and getattr(track, 'det_conf', 0) < ALERT_THRESHOLD:
TypeError: '<' not supported between instances of 'NoneType' and 'float'

Error in loop: '<' not supported between instances of 'NoneType' and 'float'
Traceback (most recent call last):
  File "/Users/madhavsamalla/Desktop/Road-Raksha/ai_server/main.py", line 254, in generate_frames
    if label == 'Accident' and getattr(track, 'det_conf', 0) < ALERT_THRESHOLD:
TypeError: '<' not supported between instances of 'NoneType' and 'float'

Error in loop: '<' not supported between instances of 'NoneType' and 'float'
Traceback (most recent call last):
  File "/Users/madhavsamalla/Desktop/Road-Raksha/ai_server/main.py", line 254, in generate_frames
    if label == 'Accident' and getattr(track, 'det_conf', 0) < ALERT_THRESHOLD:
TypeError: '<' not supported between instances of 'NoneType' and 'float'

Error in loop: '<' not supported between instances of 'NoneType' and 'float'
Traceback (most recent call last):
  File "/Users/madhavsamalla/Desktop/Road-Raksha/ai_server/main.py", line 254, in generate_frames
    if label == 'Accident' and getattr(track, 'det_conf', 0) < ALERT_THRESHOLD:
TypeError: '<' not supported between instances of 'NoneType' and 'float'

Error in loop: '<' not supported between instances of 'NoneType' and 'float'
Traceback (most recent call last):
  File "/Users/madhavsamalla/Desktop/Road-Raksha/ai_server/main.py", line 254, in generate_frames
    if label == 'Accident' and getattr(track, 'det_conf', 0) < ALERT_THRESHOLD:
TypeError: '<' not supported between instances of 'NoneType' and 'float'

Error in loop: '<' not supported between instances of 'NoneType' and 'float'
Traceback (most recent call last):
  File "/Users/madhavsamalla/Desktop/Road-Raksha/ai_server/main.py", line 254, in generate_frames
    if label == 'Accident' and getattr(track, 'det_conf', 0) < ALERT_THRESHOLD:
TypeError: '<' not supported between instances of 'NoneType' and 'float'

Error in loop: '<' not supported between instances of 'NoneType' and 'float'
Traceback (most recent call last):
  File "/Users/madhavsamalla/Desktop/Road-Raksha/ai_server/main.py", line 254, in generate_frames
    if label == 'Accident' and getattr(track, 'det_conf', 0) < ALERT_THRESHOLD:
TypeError: '<' not supported between instances of 'NoneType' and 'float'

Error in loop: '<' not supported between instances of 'NoneType' and 'float'
Traceback (most recent call last):
  File "/Users/madhavsamalla/Desktop/Road-Raksha/ai_server/main.py", line 254, in generate_frames
    if label == 'Accident' and getattr(track, 'det_conf', 0) < ALERT_THRESHOLD:
TypeError: '<' not supported between instances of 'NoneType' and 'float'

Error in loop: operands could not be broadcast together with shapes (55,1280) (57,1) 
Traceback (most recent call last):
  File "/Users/madhavsamalla/Desktop/Road-Raksha/ai_server/main.py", line 252, in generate_frames
    tracks = tracker.update_tracks(detections, frame=frame)
  File "/Users/madhavsamalla/Library/Python/3.9/lib/python/site-packages/deep_sort_realtime/deepsort_tracker.py", line 228, in update_tracks
    self.tracker.update(detections, today=today)
  File "/Users/madhavsamalla/Library/Python/3.9/lib/python/site-packages/deep_sort_realtime/deep_sort/tracker.py", line 97, in update
    matches, unmatched_tracks, unmatched_detections = self._match(detections)
  File "/Users/madhavsamalla/Library/Python/3.9/lib/python/site-packages/deep_sort_realtime/deep_sort/tracker.py", line 151, in _match
    ) = linear_assignment.matching_cascade(
  File "/Users/madhavsamalla/Library/Python/3.9/lib/python/site-packages/deep_sort_realtime/deep_sort/linear_assignment.py", line 147, in matching_cascade
    matches_l, _, unmatched_detections = min_cost_matching(
  File "/Users/madhavsamalla/Library/Python/3.9/lib/python/site-packages/deep_sort_realtime/deep_sort/linear_assignment.py", line 62, in min_cost_matching
    cost_matrix = distance_metric(tracks, detections, track_indices, detection_indices)
  File "/Users/madhavsamalla/Library/Python/3.9/lib/python/site-packages/deep_sort_realtime/deep_sort/tracker.py", line 133, in gated_metric
    cost_matrix = self.metric.distance(features, targets)
  File "/Users/madhavsamalla/Library/Python/3.9/lib/python/site-packages/deep_sort_realtime/deep_sort/nn_matching.py", line 174, in distance
    cost_matrix[i, :] = self._metric(self.samples[target], features)
  File "/Users/madhavsamalla/Library/Python/3.9/lib/python/site-packages/deep_sort_realtime/deep_sort/nn_matching.py", line 95, in _nn_cosine_distance
    distances = _cosine_distance(x, y)
  File "/Users/madhavsamalla/Library/Python/3.9/lib/python/site-packages/deep_sort_realtime/deep_sort/nn_matching.py", line 52, in _cosine_distance
    a = np.asarray(a) / np.linalg.norm(a, axis=1, keepdims=True)
ValueError: operands could not be broadcast together with shapes (55,1280) (57,1) 

Error in loop: operands could not be broadcast together with shapes (2141,1280) (2143,1) 
Traceback (most recent call last):
  File "/Users/madhavsamalla/Desktop/Road-Raksha/ai_server/main.py", line 269, in generate_frames
    tracks = tracker.update_tracks(detections, frame=frame)
  File "/Users/madhavsamalla/Library/Python/3.9/lib/python/site-packages/deep_sort_realtime/deepsort_tracker.py", line 228, in update_tracks
    self.tracker.update(detections, today=today)
  File "/Users/madhavsamalla/Library/Python/3.9/lib/python/site-packages/deep_sort_realtime/deep_sort/tracker.py", line 97, in update
    matches, unmatched_tracks, unmatched_detections = self._match(detections)
  File "/Users/madhavsamalla/Library/Python/3.9/lib/python/site-packages/deep_sort_realtime/deep_sort/tracker.py", line 151, in _match
    ) = linear_assignment.matching_cascade(
  File "/Users/madhavsamalla/Library/Python/3.9/lib/python/site-packages/deep_sort_realtime/deep_sort/linear_assignment.py", line 147, in matching_cascade
    matches_l, _, unmatched_detections = min_cost_matching(
  File "/Users/madhavsamalla/Library/Python/3.9/lib/python/site-packages/deep_sort_realtime/deep_sort/linear_assignment.py", line 62, in min_cost_matching
    cost_matrix = distance_metric(tracks, detections, track_indices, detection_indices)
  File "/Users/madhavsamalla/Library/Python/3.9/lib/python/site-packages/deep_sort_realtime/deep_sort/tracker.py", line 133, in gated_metric
    cost_matrix = self.metric.distance(features, targets)
  File "/Users/madhavsamalla/Library/Python/3.9/lib/python/site-packages/deep_sort_realtime/deep_sort/nn_matching.py", line 174, in distance
    cost_matrix[i, :] = self._metric(self.samples[target], features)
  File "/Users/madhavsamalla/Library/Python/3.9/lib/python/site-packages/deep_sort_realtime/deep_sort/nn_matching.py", line 95, in _nn_cosine_distance
    distances = _cosine_distance(x, y)
  File "/Users/madhavsamalla/Library/Python/3.9/lib/python/site-packages/deep_sort_realtime/deep_sort/nn_matching.py", line 52, in _cosine_distance
    a = np.asarray(a) / np.linalg.norm(a, axis=1, keepdims=True)
ValueError: operands could not be broadcast together with shapes (2141,1280) (2143,1) 

Error in loop: operands could not be broadcast together with shapes (2447,1280) (2449,1) 
Traceback (most recent call last):
  File "/Users/madhavsamalla/Desktop/Road-Raksha/ai_server/main.py", line 269, in generate_frames
    tracks = tracker.update_tracks(detections, frame=frame)
  File "/Users/madhavsamalla/Library/Python/3.9/lib/python/site-packages/deep_sort_realtime/deepsort_tracker.py", line 228, in update_tracks
    self.tracker.update(detections, today=today)
  File "/Users/madhavsamalla/Library/Python/3.9/lib/python/site-packages/deep_sort_realtime/deep_sort/tracker.py", line 97, in update
    matches, unmatched_tracks, unmatched_detections = self._match(detections)
  File "/Users/madhavsamalla/Library/Python/3.9/lib/python/site-packages/deep_sort_realtime/deep_sort/tracker.py", line 151, in _match
    ) = linear_assignment.matching_cascade(
  File "/Users/madhavsamalla/Library/Python/3.9/lib/python/site-packages/deep_sort_realtime/deep_sort/linear_assignment.py", line 147, in matching_cascade
    matches_l, _, unmatched_detections = min_cost_matching(
  File "/Users/madhavsamalla/Library/Python/3.9/lib/python/site-packages/deep_sort_realtime/deep_sort/linear_assignment.py", line 62, in min_cost_matching
    cost_matrix = distance_metric(tracks, detections, track_indices, detection_indices)
  File "/Users/madhavsamalla/Library/Python/3.9/lib/python/site-packages/deep_sort_realtime/deep_sort/tracker.py", line 133, in gated_metric
    cost_matrix = self.metric.distance(features, targets)
  File "/Users/madhavsamalla/Library/Python/3.9/lib/python/site-packages/deep_sort_realtime/deep_sort/nn_matching.py", line 174, in distance
    cost_matrix[i, :] = self._metric(self.samples[target], features)
  File "/Users/madhavsamalla/Library/Python/3.9/lib/python/site-packages/deep_sort_realtime/deep_sort/nn_matching.py", line 95, in _nn_cosine_distance
    distances = _cosine_distance(x, y)
  File "/Users/madhavsamalla/Library/Python/3.9/lib/python/site-packages/deep_sort_realtime/deep_sort/nn_matching.py", line 52, in _cosine_distance
    a = np.asarray(a) / np.linalg.norm(a, axis=1, keepdims=True)
ValueError: operands could not be broadcast together with shapes (2447,1280) (2449,1) 

Error in loop: operands could not be broadcast together with shapes (2473,1280) (2475,1) 
Traceback (most recent call last):
  File "/Users/madhavsamalla/Desktop/Road-Raksha/ai_server/main.py", line 269, in generate_frames
    tracks = tracker.update_tracks(detections, frame=frame)
  File "/Users/madhavsamalla/Library/Python/3.9/lib/python/site-packages/deep_sort_realtime/deepsort_tracker.py", line 228, in update_tracks
    self.tracker.update(detections, today=today)
  File "/Users/madhavsamalla/Library/Python/3.9/lib/python/site-packages/deep_sort_realtime/deep_sort/tracker.py", line 97, in update
    matches, unmatched_tracks, unmatched_detections = self._match(detections)
  File "/Users/madhavsamalla/Library/Python/3.9/lib/python/site-packages/deep_sort_realtime/deep_sort/tracker.py", line 151, in _match
    ) = linear_assignment.matching_cascade(
  File "/Users/madhavsamalla/Library/Python/3.9/lib/python/site-packages/deep_sort_realtime/deep_sort/linear_assignment.py", line 147, in matching_cascade
    matches_l, _, unmatched_detections = min_cost_matching(
  File "/Users/madhavsamalla/Library/Python/3.9/lib/python/site-packages/deep_sort_realtime/deep_sort/linear_assignment.py", line 62, in min_cost_matching
    cost_matrix = distance_metric(tracks, detections, track_indices, detection_indices)
  File "/Users/madhavsamalla/Library/Python/3.9/lib/python/site-packages/deep_sort_realtime/deep_sort/tracker.py", line 133, in gated_metric
    cost_matrix = self.metric.distance(features, targets)
  File "/Users/madhavsamalla/Library/Python/3.9/lib/python/site-packages/deep_sort_realtime/deep_sort/nn_matching.py", line 174, in distance
    cost_matrix[i, :] = self._metric(self.samples[target], features)
  File "/Users/madhavsamalla/Library/Python/3.9/lib/python/site-packages/deep_sort_realtime/deep_sort/nn_matching.py", line 95, in _nn_cosine_distance
    distances = _cosine_distance(x, y)
  File "/Users/madhavsamalla/Library/Python/3.9/lib/python/site-packages/deep_sort_realtime/deep_sort/nn_matching.py", line 52, in _cosine_distance
    a = np.asarray(a) / np.linalg.norm(a, axis=1, keepdims=True)
ValueError: operands could not be broadcast together with shapes (2473,1280) (2475,1) 

Error in loop: operands could not be broadcast together with shapes (2487,1280) (2489,1) 
Traceback (most recent call last):
  File "/Users/madhavsamalla/Desktop/Road-Raksha/ai_server/main.py", line 269, in generate_frames
    tracks = tracker.update_tracks(detections, frame=frame)
  File "/Users/madhavsamalla/Library/Python/3.9/lib/python/site-packages/deep_sort_realtime/deepsort_tracker.py", line 228, in update_tracks
    self.tracker.update(detections, today=today)
  File "/Users/madhavsamalla/Library/Python/3.9/lib/python/site-packages/deep_sort_realtime/deep_sort/tracker.py", line 97, in update
    matches, unmatched_tracks, unmatched_detections = self._match(detections)
  File "/Users/madhavsamalla/Library/Python/3.9/lib/python/site-packages/deep_sort_realtime/deep_sort/tracker.py", line 151, in _match
    ) = linear_assignment.matching_cascade(
  File "/Users/madhavsamalla/Library/Python/3.9/lib/python/site-packages/deep_sort_realtime/deep_sort/linear_assignment.py", line 147, in matching_cascade
    matches_l, _, unmatched_detections = min_cost_matching(
  File "/Users/madhavsamalla/Library/Python/3.9/lib/python/site-packages/deep_sort_realtime/deep_sort/linear_assignment.py", line 62, in min_cost_matching
    cost_matrix = distance_metric(tracks, detections, track_indices, detection_indices)
  File "/Users/madhavsamalla/Library/Python/3.9/lib/python/site-packages/deep_sort_realtime/deep_sort/tracker.py", line 133, in gated_metric
    cost_matrix = self.metric.distance(features, targets)
  File "/Users/madhavsamalla/Library/Python/3.9/lib/python/site-packages/deep_sort_realtime/deep_sort/nn_matching.py", line 174, in distance
    cost_matrix[i, :] = self._metric(self.samples[target], features)
  File "/Users/madhavsamalla/Library/Python/3.9/lib/python/site-packages/deep_sort_realtime/deep_sort/nn_matching.py", line 95, in _nn_cosine_distance
    distances = _cosine_distance(x, y)
  File "/Users/madhavsamalla/Library/Python/3.9/lib/python/site-packages/deep_sort_realtime/deep_sort/nn_matching.py", line 52, in _cosine_distance
    a = np.asarray(a) / np.linalg.norm(a, axis=1, keepdims=True)
ValueError: operands could not be broadcast together with shapes (2487,1280) (2489,1) 

Error in loop: operands could not be broadcast together with shapes (2489,1280) (2491,1) 
Traceback (most recent call last):
  File "/Users/madhavsamalla/Desktop/Road-Raksha/ai_server/main.py", line 269, in generate_frames
    tracks = tracker.update_tracks(detections, frame=frame)
  File "/Users/madhavsamalla/Library/Python/3.9/lib/python/site-packages/deep_sort_realtime/deepsort_tracker.py", line 228, in update_tracks
    self.tracker.update(detections, today=today)
  File "/Users/madhavsamalla/Library/Python/3.9/lib/python/site-packages/deep_sort_realtime/deep_sort/tracker.py", line 97, in update
    matches, unmatched_tracks, unmatched_detections = self._match(detections)
  File "/Users/madhavsamalla/Library/Python/3.9/lib/python/site-packages/deep_sort_realtime/deep_sort/tracker.py", line 151, in _match
    ) = linear_assignment.matching_cascade(
  File "/Users/madhavsamalla/Library/Python/3.9/lib/python/site-packages/deep_sort_realtime/deep_sort/linear_assignment.py", line 147, in matching_cascade
    matches_l, _, unmatched_detections = min_cost_matching(
  File "/Users/madhavsamalla/Library/Python/3.9/lib/python/site-packages/deep_sort_realtime/deep_sort/linear_assignment.py", line 62, in min_cost_matching
    cost_matrix = distance_metric(tracks, detections, track_indices, detection_indices)
  File "/Users/madhavsamalla/Library/Python/3.9/lib/python/site-packages/deep_sort_realtime/deep_sort/tracker.py", line 133, in gated_metric
    cost_matrix = self.metric.distance(features, targets)
  File "/Users/madhavsamalla/Library/Python/3.9/lib/python/site-packages/deep_sort_realtime/deep_sort/nn_matching.py", line 174, in distance
    cost_matrix[i, :] = self._metric(self.samples[target], features)
  File "/Users/madhavsamalla/Library/Python/3.9/lib/python/site-packages/deep_sort_realtime/deep_sort/nn_matching.py", line 95, in _nn_cosine_distance
    distances = _cosine_distance(x, y)
  File "/Users/madhavsamalla/Library/Python/3.9/lib/python/site-packages/deep_sort_realtime/deep_sort/nn_matching.py", line 52, in _cosine_distance
    a = np.asarray(a) / np.linalg.norm(a, axis=1, keepdims=True)
ValueError: operands could not be broadcast together with shapes (2489,1280) (2491,1) 

Error in loop: operands could not be broadcast together with shapes (2531,1280) (2533,1) 
Traceback (most recent call last):
  File "/Users/madhavsamalla/Desktop/Road-Raksha/ai_server/main.py", line 269, in generate_frames
    tracks = tracker.update_tracks(detections, frame=frame)
  File "/Users/madhavsamalla/Library/Python/3.9/lib/python/site-packages/deep_sort_realtime/deepsort_tracker.py", line 228, in update_tracks
    self.tracker.update(detections, today=today)
  File "/Users/madhavsamalla/Library/Python/3.9/lib/python/site-packages/deep_sort_realtime/deep_sort/tracker.py", line 97, in update
    matches, unmatched_tracks, unmatched_detections = self._match(detections)
  File "/Users/madhavsamalla/Library/Python/3.9/lib/python/site-packages/deep_sort_realtime/deep_sort/tracker.py", line 151, in _match
    ) = linear_assignment.matching_cascade(
  File "/Users/madhavsamalla/Library/Python/3.9/lib/python/site-packages/deep_sort_realtime/deep_sort/linear_assignment.py", line 147, in matching_cascade
    matches_l, _, unmatched_detections = min_cost_matching(
  File "/Users/madhavsamalla/Library/Python/3.9/lib/python/site-packages/deep_sort_realtime/deep_sort/linear_assignment.py", line 62, in min_cost_matching
    cost_matrix = distance_metric(tracks, detections, track_indices, detection_indices)
  File "/Users/madhavsamalla/Library/Python/3.9/lib/python/site-packages/deep_sort_realtime/deep_sort/tracker.py", line 133, in gated_metric
    cost_matrix = self.metric.distance(features, targets)
  File "/Users/madhavsamalla/Library/Python/3.9/lib/python/site-packages/deep_sort_realtime/deep_sort/nn_matching.py", line 174, in distance
    cost_matrix[i, :] = self._metric(self.samples[target], features)
  File "/Users/madhavsamalla/Library/Python/3.9/lib/python/site-packages/deep_sort_realtime/deep_sort/nn_matching.py", line 95, in _nn_cosine_distance
    distances = _cosine_distance(x, y)
  File "/Users/madhavsamalla/Library/Python/3.9/lib/python/site-packages/deep_sort_realtime/deep_sort/nn_matching.py", line 52, in _cosine_distance
    a = np.asarray(a) / np.linalg.norm(a, axis=1, keepdims=True)
ValueError: operands could not be broadcast together with shapes (2531,1280) (2533,1) 

Error in loop: operands could not be broadcast together with shapes (2533,1280) (2535,1) 
Traceback (most recent call last):
  File "/Users/madhavsamalla/Desktop/Road-Raksha/ai_server/main.py", line 269, in generate_frames
    tracks = tracker.update_tracks(detections, frame=frame)
  File "/Users/madhavsamalla/Library/Python/3.9/lib/python/site-packages/deep_sort_realtime/deepsort_tracker.py", line 228, in update_tracks
    self.tracker.update(detections, today=today)
  File "/Users/madhavsamalla/Library/Python/3.9/lib/python/site-packages/deep_sort_realtime/deep_sort/tracker.py", line 97, in update
    matches, unmatched_tracks, unmatched_detections = self._match(detections)
  File "/Users/madhavsamalla/Library/Python/3.9/lib/python/site-packages/deep_sort_realtime/deep_sort/tracker.py", line 151, in _match
    ) = linear_assignment.matching_cascade(
  File "/Users/madhavsamalla/Library/Python/3.9/lib/python/site-packages/deep_sort_realtime/deep_sort/linear_assignment.py", line 147, in matching_cascade
    matches_l, _, unmatched_detections = min_cost_matching(
  File "/Users/madhavsamalla/Library/Python/3.9/lib/python/site-packages/deep_sort_realtime/deep_sort/linear_assignment.py", line 62, in min_cost_matching
    cost_matrix = distance_metric(tracks, detections, track_indices, detection_indices)
  File "/Users/madhavsamalla/Library/Python/3.9/lib/python/site-packages/deep_sort_realtime/deep_sort/tracker.py", line 133, in gated_metric
    cost_matrix = self.metric.distance(features, targets)
  File "/Users/madhavsamalla/Library/Python/3.9/lib/python/site-packages/deep_sort_realtime/deep_sort/nn_matching.py", line 174, in distance
    cost_matrix[i, :] = self._metric(self.samples[target], features)
  File "/Users/madhavsamalla/Library/Python/3.9/lib/python/site-packages/deep_sort_realtime/deep_sort/nn_matching.py", line 95, in _nn_cosine_distance
    distances = _cosine_distance(x, y)
  File "/Users/madhavsamalla/Library/Python/3.9/lib/python/site-packages/deep_sort_realtime/deep_sort/nn_matching.py", line 52, in _cosine_distance
    a = np.asarray(a) / np.linalg.norm(a, axis=1, keepdims=True)
ValueError: operands could not be broadcast together with shapes (2533,1280) (2535,1) 

Error in loop: operands could not be broadcast together with shapes (2535,1280) (2537,1) 
Traceback (most recent call last):
  File "/Users/madhavsamalla/Desktop/Road-Raksha/ai_server/main.py", line 269, in generate_frames
    tracks = tracker.update_tracks(detections, frame=frame)
  File "/Users/madhavsamalla/Library/Python/3.9/lib/python/site-packages/deep_sort_realtime/deepsort_tracker.py", line 228, in update_tracks
    self.tracker.update(detections, today=today)
  File "/Users/madhavsamalla/Library/Python/3.9/lib/python/site-packages/deep_sort_realtime/deep_sort/tracker.py", line 97, in update
    matches, unmatched_tracks, unmatched_detections = self._match(detections)
  File "/Users/madhavsamalla/Library/Python/3.9/lib/python/site-packages/deep_sort_realtime/deep_sort/tracker.py", line 151, in _match
    ) = linear_assignment.matching_cascade(
  File "/Users/madhavsamalla/Library/Python/3.9/lib/python/site-packages/deep_sort_realtime/deep_sort/linear_assignment.py", line 147, in matching_cascade
    matches_l, _, unmatched_detections = min_cost_matching(
  File "/Users/madhavsamalla/Library/Python/3.9/lib/python/site-packages/deep_sort_realtime/deep_sort/linear_assignment.py", line 62, in min_cost_matching
    cost_matrix = distance_metric(tracks, detections, track_indices, detection_indices)
  File "/Users/madhavsamalla/Library/Python/3.9/lib/python/site-packages/deep_sort_realtime/deep_sort/tracker.py", line 133, in gated_metric
    cost_matrix = self.metric.distance(features, targets)
  File "/Users/madhavsamalla/Library/Python/3.9/lib/python/site-packages/deep_sort_realtime/deep_sort/nn_matching.py", line 174, in distance
    cost_matrix[i, :] = self._metric(self.samples[target], features)
  File "/Users/madhavsamalla/Library/Python/3.9/lib/python/site-packages/deep_sort_realtime/deep_sort/nn_matching.py", line 95, in _nn_cosine_distance
    distances = _cosine_distance(x, y)
  File "/Users/madhavsamalla/Library/Python/3.9/lib/python/site-packages/deep_sort_realtime/deep_sort/nn_matching.py", line 52, in _cosine_distance
    a = np.asarray(a) / np.linalg.norm(a, axis=1, keepdims=True)
ValueError: operands could not be broadcast together with shapes (2535,1280) (2537,1) 

Error in loop: operands could not be broadcast together with shapes (2557,1280) (2559,1) 
Traceback (most recent call last):
  File "/Users/madhavsamalla/Desktop/Road-Raksha/ai_server/main.py", line 269, in generate_frames
    tracks = tracker.update_tracks(detections, frame=frame)
  File "/Users/madhavsamalla/Library/Python/3.9/lib/python/site-packages/deep_sort_realtime/deepsort_tracker.py", line 228, in update_tracks
    self.tracker.update(detections, today=today)
  File "/Users/madhavsamalla/Library/Python/3.9/lib/python/site-packages/deep_sort_realtime/deep_sort/tracker.py", line 97, in update
    matches, unmatched_tracks, unmatched_detections = self._match(detections)
  File "/Users/madhavsamalla/Library/Python/3.9/lib/python/site-packages/deep_sort_realtime/deep_sort/tracker.py", line 151, in _match
    ) = linear_assignment.matching_cascade(
  File "/Users/madhavsamalla/Library/Python/3.9/lib/python/site-packages/deep_sort_realtime/deep_sort/linear_assignment.py", line 147, in matching_cascade
    matches_l, _, unmatched_detections = min_cost_matching(
  File "/Users/madhavsamalla/Library/Python/3.9/lib/python/site-packages/deep_sort_realtime/deep_sort/linear_assignment.py", line 62, in min_cost_matching
    cost_matrix = distance_metric(tracks, detections, track_indices, detection_indices)
  File "/Users/madhavsamalla/Library/Python/3.9/lib/python/site-packages/deep_sort_realtime/deep_sort/tracker.py", line 133, in gated_metric
    cost_matrix = self.metric.distance(features, targets)
  File "/Users/madhavsamalla/Library/Python/3.9/lib/python/site-packages/deep_sort_realtime/deep_sort/nn_matching.py", line 174, in distance
    cost_matrix[i, :] = self._metric(self.samples[target], features)
  File "/Users/madhavsamalla/Library/Python/3.9/lib/python/site-packages/deep_sort_realtime/deep_sort/nn_matching.py", line 95, in _nn_cosine_distance
    distances = _cosine_distance(x, y)
  File "/Users/madhavsamalla/Library/Python/3.9/lib/python/site-packages/deep_sort_realtime/deep_sort/nn_matching.py", line 52, in _cosine_distance
    a = np.asarray(a) / np.linalg.norm(a, axis=1, keepdims=True)
ValueError: operands could not be broadcast together with shapes (2557,1280) (2559,1) 

Error in loop: operands could not be broadcast together with shapes (2559,1280) (2561,1) 
Traceback (most recent call last):
  File "/Users/madhavsamalla/Desktop/Road-Raksha/ai_server/main.py", line 269, in generate_frames
    tracks = tracker.update_tracks(detections, frame=frame)
  File "/Users/madhavsamalla/Library/Python/3.9/lib/python/site-packages/deep_sort_realtime/deepsort_tracker.py", line 228, in update_tracks
    self.tracker.update(detections, today=today)
  File "/Users/madhavsamalla/Library/Python/3.9/lib/python/site-packages/deep_sort_realtime/deep_sort/tracker.py", line 97, in update
    matches, unmatched_tracks, unmatched_detections = self._match(detections)
  File "/Users/madhavsamalla/Library/Python/3.9/lib/python/site-packages/deep_sort_realtime/deep_sort/tracker.py", line 151, in _match
    ) = linear_assignment.matching_cascade(
  File "/Users/madhavsamalla/Library/Python/3.9/lib/python/site-packages/deep_sort_realtime/deep_sort/linear_assignment.py", line 147, in matching_cascade
    matches_l, _, unmatched_detections = min_cost_matching(
  File "/Users/madhavsamalla/Library/Python/3.9/lib/python/site-packages/deep_sort_realtime/deep_sort/linear_assignment.py", line 62, in min_cost_matching
    cost_matrix = distance_metric(tracks, detections, track_indices, detection_indices)
  File "/Users/madhavsamalla/Library/Python/3.9/lib/python/site-packages/deep_sort_realtime/deep_sort/tracker.py", line 133, in gated_metric
    cost_matrix = self.metric.distance(features, targets)
  File "/Users/madhavsamalla/Library/Python/3.9/lib/python/site-packages/deep_sort_realtime/deep_sort/nn_matching.py", line 174, in distance
    cost_matrix[i, :] = self._metric(self.samples[target], features)
  File "/Users/madhavsamalla/Library/Python/3.9/lib/python/site-packages/deep_sort_realtime/deep_sort/nn_matching.py", line 95, in _nn_cosine_distance
    distances = _cosine_distance(x, y)
  File "/Users/madhavsamalla/Library/Python/3.9/lib/python/site-packages/deep_sort_realtime/deep_sort/nn_matching.py", line 52, in _cosine_distance
    a = np.asarray(a) / np.linalg.norm(a, axis=1, keepdims=True)
ValueError: operands could not be broadcast together with shapes (2559,1280) (2561,1) 

Error in loop: operands could not be broadcast together with shapes (2565,1280) (2567,1) 
Traceback (most recent call last):
  File "/Users/madhavsamalla/Desktop/Road-Raksha/ai_server/main.py", line 269, in generate_frames
    tracks = tracker.update_tracks(detections, frame=frame)
  File "/Users/madhavsamalla/Library/Python/3.9/lib/python/site-packages/deep_sort_realtime/deepsort_tracker.py", line 228, in update_tracks
    self.tracker.update(detections, today=today)
  File "/Users/madhavsamalla/Library/Python/3.9/lib/python/site-packages/deep_sort_realtime/deep_sort/tracker.py", line 97, in update
    matches, unmatched_tracks, unmatched_detections = self._match(detections)
  File "/Users/madhavsamalla/Library/Python/3.9/lib/python/site-packages/deep_sort_realtime/deep_sort/tracker.py", line 151, in _match
    ) = linear_assignment.matching_cascade(
  File "/Users/madhavsamalla/Library/Python/3.9/lib/python/site-packages/deep_sort_realtime/deep_sort/linear_assignment.py", line 147, in matching_cascade
    matches_l, _, unmatched_detections = min_cost_matching(
  File "/Users/madhavsamalla/Library/Python/3.9/lib/python/site-packages/deep_sort_realtime/deep_sort/linear_assignment.py", line 62, in min_cost_matching
    cost_matrix = distance_metric(tracks, detections, track_indices, detection_indices)
  File "/Users/madhavsamalla/Library/Python/3.9/lib/python/site-packages/deep_sort_realtime/deep_sort/tracker.py", line 133, in gated_metric
    cost_matrix = self.metric.distance(features, targets)
  File "/Users/madhavsamalla/Library/Python/3.9/lib/python/site-packages/deep_sort_realtime/deep_sort/nn_matching.py", line 174, in distance
    cost_matrix[i, :] = self._metric(self.samples[target], features)
  File "/Users/madhavsamalla/Library/Python/3.9/lib/python/site-packages/deep_sort_realtime/deep_sort/nn_matching.py", line 95, in _nn_cosine_distance
    distances = _cosine_distance(x, y)
  File "/Users/madhavsamalla/Library/Python/3.9/lib/python/site-packages/deep_sort_realtime/deep_sort/nn_matching.py", line 52, in _cosine_distance
    a = np.asarray(a) / np.linalg.norm(a, axis=1, keepdims=True)
ValueError: operands could not be broadcast together with shapes (2565,1280) (2567,1) 

Error in loop: operands could not be broadcast together with shapes (2567,1280) (2569,1) 
Traceback (most recent call last):
  File "/Users/madhavsamalla/Desktop/Road-Raksha/ai_server/main.py", line 269, in generate_frames
    tracks = tracker.update_tracks(detections, frame=frame)
  File "/Users/madhavsamalla/Library/Python/3.9/lib/python/site-packages/deep_sort_realtime/deepsort_tracker.py", line 228, in update_tracks
    self.tracker.update(detections, today=today)
  File "/Users/madhavsamalla/Library/Python/3.9/lib/python/site-packages/deep_sort_realtime/deep_sort/tracker.py", line 97, in update
    matches, unmatched_tracks, unmatched_detections = self._match(detections)
  File "/Users/madhavsamalla/Library/Python/3.9/lib/python/site-packages/deep_sort_realtime/deep_sort/tracker.py", line 151, in _match
    ) = linear_assignment.matching_cascade(
  File "/Users/madhavsamalla/Library/Python/3.9/lib/python/site-packages/deep_sort_realtime/deep_sort/linear_assignment.py", line 147, in matching_cascade
    matches_l, _, unmatched_detections = min_cost_matching(
  File "/Users/madhavsamalla/Library/Python/3.9/lib/python/site-packages/deep_sort_realtime/deep_sort/linear_assignment.py", line 62, in min_cost_matching
    cost_matrix = distance_metric(tracks, detections, track_indices, detection_indices)
  File "/Users/madhavsamalla/Library/Python/3.9/lib/python/site-packages/deep_sort_realtime/deep_sort/tracker.py", line 133, in gated_metric
    cost_matrix = self.metric.distance(features, targets)
  File "/Users/madhavsamalla/Library/Python/3.9/lib/python/site-packages/deep_sort_realtime/deep_sort/nn_matching.py", line 174, in distance
    cost_matrix[i, :] = self._metric(self.samples[target], features)
  File "/Users/madhavsamalla/Library/Python/3.9/lib/python/site-packages/deep_sort_realtime/deep_sort/nn_matching.py", line 95, in _nn_cosine_distance
    distances = _cosine_distance(x, y)
  File "/Users/madhavsamalla/Library/Python/3.9/lib/python/site-packages/deep_sort_realtime/deep_sort/nn_matching.py", line 52, in _cosine_distance
    a = np.asarray(a) / np.linalg.norm(a, axis=1, keepdims=True)
ValueError: operands could not be broadcast together with shapes (2567,1280) (2569,1) 

Error in loop: operands could not be broadcast together with shapes (2573,1280) (2575,1) 
Traceback (most recent call last):
  File "/Users/madhavsamalla/Desktop/Road-Raksha/ai_server/main.py", line 269, in generate_frames
    tracks = tracker.update_tracks(detections, frame=frame)
  File "/Users/madhavsamalla/Library/Python/3.9/lib/python/site-packages/deep_sort_realtime/deepsort_tracker.py", line 228, in update_tracks
    self.tracker.update(detections, today=today)
  File "/Users/madhavsamalla/Library/Python/3.9/lib/python/site-packages/deep_sort_realtime/deep_sort/tracker.py", line 97, in update
    matches, unmatched_tracks, unmatched_detections = self._match(detections)
  File "/Users/madhavsamalla/Library/Python/3.9/lib/python/site-packages/deep_sort_realtime/deep_sort/tracker.py", line 151, in _match
    ) = linear_assignment.matching_cascade(
  File "/Users/madhavsamalla/Library/Python/3.9/lib/python/site-packages/deep_sort_realtime/deep_sort/linear_assignment.py", line 147, in matching_cascade
    matches_l, _, unmatched_detections = min_cost_matching(
  File "/Users/madhavsamalla/Library/Python/3.9/lib/python/site-packages/deep_sort_realtime/deep_sort/linear_assignment.py", line 62, in min_cost_matching
    cost_matrix = distance_metric(tracks, detections, track_indices, detection_indices)
  File "/Users/madhavsamalla/Library/Python/3.9/lib/python/site-packages/deep_sort_realtime/deep_sort/tracker.py", line 133, in gated_metric
    cost_matrix = self.metric.distance(features, targets)
  File "/Users/madhavsamalla/Library/Python/3.9/lib/python/site-packages/deep_sort_realtime/deep_sort/nn_matching.py", line 174, in distance
    cost_matrix[i, :] = self._metric(self.samples[target], features)
  File "/Users/madhavsamalla/Library/Python/3.9/lib/python/site-packages/deep_sort_realtime/deep_sort/nn_matching.py", line 95, in _nn_cosine_distance
    distances = _cosine_distance(x, y)
  File "/Users/madhavsamalla/Library/Python/3.9/lib/python/site-packages/deep_sort_realtime/deep_sort/nn_matching.py", line 52, in _cosine_distance
    a = np.asarray(a) / np.linalg.norm(a, axis=1, keepdims=True)
ValueError: operands could not be broadcast together with shapes (2573,1280) (2575,1) 

Error in loop: operands could not be broadcast together with shapes (2619,1280) (2621,1) 
Traceback (most recent call last):
  File "/Users/madhavsamalla/Desktop/Road-Raksha/ai_server/main.py", line 269, in generate_frames
    tracks = tracker.update_tracks(detections, frame=frame)
  File "/Users/madhavsamalla/Library/Python/3.9/lib/python/site-packages/deep_sort_realtime/deepsort_tracker.py", line 228, in update_tracks
    self.tracker.update(detections, today=today)
  File "/Users/madhavsamalla/Library/Python/3.9/lib/python/site-packages/deep_sort_realtime/deep_sort/tracker.py", line 97, in update
    matches, unmatched_tracks, unmatched_detections = self._match(detections)
  File "/Users/madhavsamalla/Library/Python/3.9/lib/python/site-packages/deep_sort_realtime/deep_sort/tracker.py", line 151, in _match
    ) = linear_assignment.matching_cascade(
  File "/Users/madhavsamalla/Library/Python/3.9/lib/python/site-packages/deep_sort_realtime/deep_sort/linear_assignment.py", line 147, in matching_cascade
    matches_l, _, unmatched_detections = min_cost_matching(
  File "/Users/madhavsamalla/Library/Python/3.9/lib/python/site-packages/deep_sort_realtime/deep_sort/linear_assignment.py", line 62, in min_cost_matching
    cost_matrix = distance_metric(tracks, detections, track_indices, detection_indices)
  File "/Users/madhavsamalla/Library/Python/3.9/lib/python/site-packages/deep_sort_realtime/deep_sort/tracker.py", line 133, in gated_metric
    cost_matrix = self.metric.distance(features, targets)
  File "/Users/madhavsamalla/Library/Python/3.9/lib/python/site-packages/deep_sort_realtime/deep_sort/nn_matching.py", line 174, in distance
    cost_matrix[i, :] = self._metric(self.samples[target], features)
  File "/Users/madhavsamalla/Library/Python/3.9/lib/python/site-packages/deep_sort_realtime/deep_sort/nn_matching.py", line 95, in _nn_cosine_distance
    distances = _cosine_distance(x, y)
  File "/Users/madhavsamalla/Library/Python/3.9/lib/python/site-packages/deep_sort_realtime/deep_sort/nn_matching.py", line 52, in _cosine_distance
    a = np.asarray(a) / np.linalg.norm(a, axis=1, keepdims=True)
ValueError: operands could not be broadcast together with shapes (2619,1280) (2621,1) 

Error in loop: operands could not be broadcast together with shapes (2633,1280) (2635,1) 
Traceback (most recent call last):
  File "/Users/madhavsamalla/Desktop/Road-Raksha/ai_server/main.py", line 269, in generate_frames
    tracks = tracker.update_tracks(detections, frame=frame)
  File "/Users/madhavsamalla/Library/Python/3.9/lib/python/site-packages/deep_sort_realtime/deepsort_tracker.py", line 228, in update_tracks
    self.tracker.update(detections, today=today)
  File "/Users/madhavsamalla/Library/Python/3.9/lib/python/site-packages/deep_sort_realtime/deep_sort/tracker.py", line 97, in update
    matches, unmatched_tracks, unmatched_detections = self._match(detections)
  File "/Users/madhavsamalla/Library/Python/3.9/lib/python/site-packages/deep_sort_realtime/deep_sort/tracker.py", line 151, in _match
    ) = linear_assignment.matching_cascade(
  File "/Users/madhavsamalla/Library/Python/3.9/lib/python/site-packages/deep_sort_realtime/deep_sort/linear_assignment.py", line 147, in matching_cascade
    matches_l, _, unmatched_detections = min_cost_matching(
  File "/Users/madhavsamalla/Library/Python/3.9/lib/python/site-packages/deep_sort_realtime/deep_sort/linear_assignment.py", line 62, in min_cost_matching
    cost_matrix = distance_metric(tracks, detections, track_indices, detection_indices)
  File "/Users/madhavsamalla/Library/Python/3.9/lib/python/site-packages/deep_sort_realtime/deep_sort/tracker.py", line 133, in gated_metric
    cost_matrix = self.metric.distance(features, targets)
  File "/Users/madhavsamalla/Library/Python/3.9/lib/python/site-packages/deep_sort_realtime/deep_sort/nn_matching.py", line 174, in distance
    cost_matrix[i, :] = self._metric(self.samples[target], features)
  File "/Users/madhavsamalla/Library/Python/3.9/lib/python/site-packages/deep_sort_realtime/deep_sort/nn_matching.py", line 95, in _nn_cosine_distance
    distances = _cosine_distance(x, y)
  File "/Users/madhavsamalla/Library/Python/3.9/lib/python/site-packages/deep_sort_realtime/deep_sort/nn_matching.py", line 52, in _cosine_distance
    a = np.asarray(a) / np.linalg.norm(a, axis=1, keepdims=True)
ValueError: operands could not be broadcast together with shapes (2633,1280) (2635,1) 

Error in loop: operands could not be broadcast together with shapes (2647,1280) (2649,1) 
Traceback (most recent call last):
  File "/Users/madhavsamalla/Desktop/Road-Raksha/ai_server/main.py", line 269, in generate_frames
    tracks = tracker.update_tracks(detections, frame=frame)
  File "/Users/madhavsamalla/Library/Python/3.9/lib/python/site-packages/deep_sort_realtime/deepsort_tracker.py", line 228, in update_tracks
    self.tracker.update(detections, today=today)
  File "/Users/madhavsamalla/Library/Python/3.9/lib/python/site-packages/deep_sort_realtime/deep_sort/tracker.py", line 97, in update
    matches, unmatched_tracks, unmatched_detections = self._match(detections)
  File "/Users/madhavsamalla/Library/Python/3.9/lib/python/site-packages/deep_sort_realtime/deep_sort/tracker.py", line 151, in _match
    ) = linear_assignment.matching_cascade(
  File "/Users/madhavsamalla/Library/Python/3.9/lib/python/site-packages/deep_sort_realtime/deep_sort/linear_assignment.py", line 147, in matching_cascade
    matches_l, _, unmatched_detections = min_cost_matching(
  File "/Users/madhavsamalla/Library/Python/3.9/lib/python/site-packages/deep_sort_realtime/deep_sort/linear_assignment.py", line 62, in min_cost_matching
    cost_matrix = distance_metric(tracks, detections, track_indices, detection_indices)
  File "/Users/madhavsamalla/Library/Python/3.9/lib/python/site-packages/deep_sort_realtime/deep_sort/tracker.py", line 133, in gated_metric
    cost_matrix = self.metric.distance(features, targets)
  File "/Users/madhavsamalla/Library/Python/3.9/lib/python/site-packages/deep_sort_realtime/deep_sort/nn_matching.py", line 174, in distance
    cost_matrix[i, :] = self._metric(self.samples[target], features)
  File "/Users/madhavsamalla/Library/Python/3.9/lib/python/site-packages/deep_sort_realtime/deep_sort/nn_matching.py", line 95, in _nn_cosine_distance
    distances = _cosine_distance(x, y)
  File "/Users/madhavsamalla/Library/Python/3.9/lib/python/site-packages/deep_sort_realtime/deep_sort/nn_matching.py", line 52, in _cosine_distance
    a = np.asarray(a) / np.linalg.norm(a, axis=1, keepdims=True)
ValueError: operands could not be broadcast together with shapes (2647,1280) (2649,1) 

Error in loop: operands could not be broadcast together with shapes (2657,1280) (2659,1) 
Traceback (most recent call last):
  File "/Users/madhavsamalla/Desktop/Road-Raksha/ai_server/main.py", line 269, in generate_frames
    tracks = tracker.update_tracks(detections, frame=frame)
  File "/Users/madhavsamalla/Library/Python/3.9/lib/python/site-packages/deep_sort_realtime/deepsort_tracker.py", line 228, in update_tracks
    self.tracker.update(detections, today=today)
  File "/Users/madhavsamalla/Library/Python/3.9/lib/python/site-packages/deep_sort_realtime/deep_sort/tracker.py", line 97, in update
    matches, unmatched_tracks, unmatched_detections = self._match(detections)
  File "/Users/madhavsamalla/Library/Python/3.9/lib/python/site-packages/deep_sort_realtime/deep_sort/tracker.py", line 151, in _match
    ) = linear_assignment.matching_cascade(
  File "/Users/madhavsamalla/Library/Python/3.9/lib/python/site-packages/deep_sort_realtime/deep_sort/linear_assignment.py", line 147, in matching_cascade
    matches_l, _, unmatched_detections = min_cost_matching(
  File "/Users/madhavsamalla/Library/Python/3.9/lib/python/site-packages/deep_sort_realtime/deep_sort/linear_assignment.py", line 62, in min_cost_matching
    cost_matrix = distance_metric(tracks, detections, track_indices, detection_indices)
  File "/Users/madhavsamalla/Library/Python/3.9/lib/python/site-packages/deep_sort_realtime/deep_sort/tracker.py", line 133, in gated_metric
    cost_matrix = self.metric.distance(features, targets)
  File "/Users/madhavsamalla/Library/Python/3.9/lib/python/site-packages/deep_sort_realtime/deep_sort/nn_matching.py", line 174, in distance
    cost_matrix[i, :] = self._metric(self.samples[target], features)
  File "/Users/madhavsamalla/Library/Python/3.9/lib/python/site-packages/deep_sort_realtime/deep_sort/nn_matching.py", line 95, in _nn_cosine_distance
    distances = _cosine_distance(x, y)
  File "/Users/madhavsamalla/Library/Python/3.9/lib/python/site-packages/deep_sort_realtime/deep_sort/nn_matching.py", line 52, in _cosine_distance
    a = np.asarray(a) / np.linalg.norm(a, axis=1, keepdims=True)
ValueError: operands could not be broadcast together with shapes (2657,1280) (2659,1) 

Error in loop: operands could not be broadcast together with shapes (2675,1280) (2677,1) 
Traceback (most recent call last):
  File "/Users/madhavsamalla/Desktop/Road-Raksha/ai_server/main.py", line 269, in generate_frames
    tracks = tracker.update_tracks(detections, frame=frame)
  File "/Users/madhavsamalla/Library/Python/3.9/lib/python/site-packages/deep_sort_realtime/deepsort_tracker.py", line 228, in update_tracks
    self.tracker.update(detections, today=today)
  File "/Users/madhavsamalla/Library/Python/3.9/lib/python/site-packages/deep_sort_realtime/deep_sort/tracker.py", line 97, in update
    matches, unmatched_tracks, unmatched_detections = self._match(detections)
  File "/Users/madhavsamalla/Library/Python/3.9/lib/python/site-packages/deep_sort_realtime/deep_sort/tracker.py", line 151, in _match
    ) = linear_assignment.matching_cascade(
  File "/Users/madhavsamalla/Library/Python/3.9/lib/python/site-packages/deep_sort_realtime/deep_sort/linear_assignment.py", line 147, in matching_cascade
    matches_l, _, unmatched_detections = min_cost_matching(
  File "/Users/madhavsamalla/Library/Python/3.9/lib/python/site-packages/deep_sort_realtime/deep_sort/linear_assignment.py", line 62, in min_cost_matching
    cost_matrix = distance_metric(tracks, detections, track_indices, detection_indices)
  File "/Users/madhavsamalla/Library/Python/3.9/lib/python/site-packages/deep_sort_realtime/deep_sort/tracker.py", line 133, in gated_metric
    cost_matrix = self.metric.distance(features, targets)
  File "/Users/madhavsamalla/Library/Python/3.9/lib/python/site-packages/deep_sort_realtime/deep_sort/nn_matching.py", line 174, in distance
    cost_matrix[i, :] = self._metric(self.samples[target], features)
  File "/Users/madhavsamalla/Library/Python/3.9/lib/python/site-packages/deep_sort_realtime/deep_sort/nn_matching.py", line 95, in _nn_cosine_distance
    distances = _cosine_distance(x, y)
  File "/Users/madhavsamalla/Library/Python/3.9/lib/python/site-packages/deep_sort_realtime/deep_sort/nn_matching.py", line 52, in _cosine_distance
    a = np.asarray(a) / np.linalg.norm(a, axis=1, keepdims=True)
ValueError: operands could not be broadcast together with shapes (2675,1280) (2677,1) 

Error in loop: operands could not be broadcast together with shapes (2677,1280) (2679,1) 
Traceback (most recent call last):
  File "/Users/madhavsamalla/Desktop/Road-Raksha/ai_server/main.py", line 269, in generate_frames
    tracks = tracker.update_tracks(detections, frame=frame)
  File "/Users/madhavsamalla/Library/Python/3.9/lib/python/site-packages/deep_sort_realtime/deepsort_tracker.py", line 228, in update_tracks
    self.tracker.update(detections, today=today)
  File "/Users/madhavsamalla/Library/Python/3.9/lib/python/site-packages/deep_sort_realtime/deep_sort/tracker.py", line 97, in update
    matches, unmatched_tracks, unmatched_detections = self._match(detections)
  File "/Users/madhavsamalla/Library/Python/3.9/lib/python/site-packages/deep_sort_realtime/deep_sort/tracker.py", line 151, in _match
    ) = linear_assignment.matching_cascade(
  File "/Users/madhavsamalla/Library/Python/3.9/lib/python/site-packages/deep_sort_realtime/deep_sort/linear_assignment.py", line 147, in matching_cascade
    matches_l, _, unmatched_detections = min_cost_matching(
  File "/Users/madhavsamalla/Library/Python/3.9/lib/python/site-packages/deep_sort_realtime/deep_sort/linear_assignment.py", line 62, in min_cost_matching
    cost_matrix = distance_metric(tracks, detections, track_indices, detection_indices)
  File "/Users/madhavsamalla/Library/Python/3.9/lib/python/site-packages/deep_sort_realtime/deep_sort/tracker.py", line 133, in gated_metric
    cost_matrix = self.metric.distance(features, targets)
  File "/Users/madhavsamalla/Library/Python/3.9/lib/python/site-packages/deep_sort_realtime/deep_sort/nn_matching.py", line 174, in distance
    cost_matrix[i, :] = self._metric(self.samples[target], features)
  File "/Users/madhavsamalla/Library/Python/3.9/lib/python/site-packages/deep_sort_realtime/deep_sort/nn_matching.py", line 95, in _nn_cosine_distance
    distances = _cosine_distance(x, y)
  File "/Users/madhavsamalla/Library/Python/3.9/lib/python/site-packages/deep_sort_realtime/deep_sort/nn_matching.py", line 52, in _cosine_distance
    a = np.asarray(a) / np.linalg.norm(a, axis=1, keepdims=True)
ValueError: operands could not be broadcast together with shapes (2677,1280) (2679,1) 

Error in loop: operands could not be broadcast together with shapes (2687,1280) (2689,1) 
Traceback (most recent call last):
  File "/Users/madhavsamalla/Desktop/Road-Raksha/ai_server/main.py", line 269, in generate_frames
    tracks = tracker.update_tracks(detections, frame=frame)
  File "/Users/madhavsamalla/Library/Python/3.9/lib/python/site-packages/deep_sort_realtime/deepsort_tracker.py", line 228, in update_tracks
    self.tracker.update(detections, today=today)
  File "/Users/madhavsamalla/Library/Python/3.9/lib/python/site-packages/deep_sort_realtime/deep_sort/tracker.py", line 97, in update
    matches, unmatched_tracks, unmatched_detections = self._match(detections)
  File "/Users/madhavsamalla/Library/Python/3.9/lib/python/site-packages/deep_sort_realtime/deep_sort/tracker.py", line 151, in _match
    ) = linear_assignment.matching_cascade(
  File "/Users/madhavsamalla/Library/Python/3.9/lib/python/site-packages/deep_sort_realtime/deep_sort/linear_assignment.py", line 147, in matching_cascade
    matches_l, _, unmatched_detections = min_cost_matching(
  File "/Users/madhavsamalla/Library/Python/3.9/lib/python/site-packages/deep_sort_realtime/deep_sort/linear_assignment.py", line 62, in min_cost_matching
    cost_matrix = distance_metric(tracks, detections, track_indices, detection_indices)
  File "/Users/madhavsamalla/Library/Python/3.9/lib/python/site-packages/deep_sort_realtime/deep_sort/tracker.py", line 133, in gated_metric
    cost_matrix = self.metric.distance(features, targets)
  File "/Users/madhavsamalla/Library/Python/3.9/lib/python/site-packages/deep_sort_realtime/deep_sort/nn_matching.py", line 174, in distance
    cost_matrix[i, :] = self._metric(self.samples[target], features)
  File "/Users/madhavsamalla/Library/Python/3.9/lib/python/site-packages/deep_sort_realtime/deep_sort/nn_matching.py", line 95, in _nn_cosine_distance
    distances = _cosine_distance(x, y)
  File "/Users/madhavsamalla/Library/Python/3.9/lib/python/site-packages/deep_sort_realtime/deep_sort/nn_matching.py", line 52, in _cosine_distance
    a = np.asarray(a) / np.linalg.norm(a, axis=1, keepdims=True)
ValueError: operands could not be broadcast together with shapes (2687,1280) (2689,1) 

Error in loop: operands could not be broadcast together with shapes (2717,1280) (2719,1) 
Traceback (most recent call last):
  File "/Users/madhavsamalla/Desktop/Road-Raksha/ai_server/main.py", line 269, in generate_frames
    tracks = tracker.update_tracks(detections, frame=frame)
  File "/Users/madhavsamalla/Library/Python/3.9/lib/python/site-packages/deep_sort_realtime/deepsort_tracker.py", line 228, in update_tracks
    self.tracker.update(detections, today=today)
  File "/Users/madhavsamalla/Library/Python/3.9/lib/python/site-packages/deep_sort_realtime/deep_sort/tracker.py", line 97, in update
    matches, unmatched_tracks, unmatched_detections = self._match(detections)
  File "/Users/madhavsamalla/Library/Python/3.9/lib/python/site-packages/deep_sort_realtime/deep_sort/tracker.py", line 151, in _match
    ) = linear_assignment.matching_cascade(
  File "/Users/madhavsamalla/Library/Python/3.9/lib/python/site-packages/deep_sort_realtime/deep_sort/linear_assignment.py", line 147, in matching_cascade
    matches_l, _, unmatched_detections = min_cost_matching(
  File "/Users/madhavsamalla/Library/Python/3.9/lib/python/site-packages/deep_sort_realtime/deep_sort/linear_assignment.py", line 62, in min_cost_matching
    cost_matrix = distance_metric(tracks, detections, track_indices, detection_indices)
  File "/Users/madhavsamalla/Library/Python/3.9/lib/python/site-packages/deep_sort_realtime/deep_sort/tracker.py", line 133, in gated_metric
    cost_matrix = self.metric.distance(features, targets)
  File "/Users/madhavsamalla/Library/Python/3.9/lib/python/site-packages/deep_sort_realtime/deep_sort/nn_matching.py", line 174, in distance
    cost_matrix[i, :] = self._metric(self.samples[target], features)
  File "/Users/madhavsamalla/Library/Python/3.9/lib/python/site-packages/deep_sort_realtime/deep_sort/nn_matching.py", line 95, in _nn_cosine_distance
    distances = _cosine_distance(x, y)
  File "/Users/madhavsamalla/Library/Python/3.9/lib/python/site-packages/deep_sort_realtime/deep_sort/nn_matching.py", line 52, in _cosine_distance
    a = np.asarray(a) / np.linalg.norm(a, axis=1, keepdims=True)
ValueError: operands could not be broadcast together with shapes (2717,1280) (2719,1) 

Error in loop: operands could not be broadcast together with shapes (2723,1280) (2725,1) 
Traceback (most recent call last):
  File "/Users/madhavsamalla/Desktop/Road-Raksha/ai_server/main.py", line 269, in generate_frames
    tracks = tracker.update_tracks(detections, frame=frame)
  File "/Users/madhavsamalla/Library/Python/3.9/lib/python/site-packages/deep_sort_realtime/deepsort_tracker.py", line 228, in update_tracks
    self.tracker.update(detections, today=today)
  File "/Users/madhavsamalla/Library/Python/3.9/lib/python/site-packages/deep_sort_realtime/deep_sort/tracker.py", line 97, in update
    matches, unmatched_tracks, unmatched_detections = self._match(detections)
  File "/Users/madhavsamalla/Library/Python/3.9/lib/python/site-packages/deep_sort_realtime/deep_sort/tracker.py", line 151, in _match
    ) = linear_assignment.matching_cascade(
  File "/Users/madhavsamalla/Library/Python/3.9/lib/python/site-packages/deep_sort_realtime/deep_sort/linear_assignment.py", line 147, in matching_cascade
    matches_l, _, unmatched_detections = min_cost_matching(
  File "/Users/madhavsamalla/Library/Python/3.9/lib/python/site-packages/deep_sort_realtime/deep_sort/linear_assignment.py", line 62, in min_cost_matching
    cost_matrix = distance_metric(tracks, detections, track_indices, detection_indices)
  File "/Users/madhavsamalla/Library/Python/3.9/lib/python/site-packages/deep_sort_realtime/deep_sort/tracker.py", line 133, in gated_metric
    cost_matrix = self.metric.distance(features, targets)
  File "/Users/madhavsamalla/Library/Python/3.9/lib/python/site-packages/deep_sort_realtime/deep_sort/nn_matching.py", line 174, in distance
    cost_matrix[i, :] = self._metric(self.samples[target], features)
  File "/Users/madhavsamalla/Library/Python/3.9/lib/python/site-packages/deep_sort_realtime/deep_sort/nn_matching.py", line 95, in _nn_cosine_distance
    distances = _cosine_distance(x, y)
  File "/Users/madhavsamalla/Library/Python/3.9/lib/python/site-packages/deep_sort_realtime/deep_sort/nn_matching.py", line 52, in _cosine_distance
    a = np.asarray(a) / np.linalg.norm(a, axis=1, keepdims=True)
ValueError: operands could not be broadcast together with shapes (2723,1280) (2725,1) 

Error in loop: operands could not be broadcast together with shapes (2741,1280) (2743,1) 
Traceback (most recent call last):
  File "/Users/madhavsamalla/Desktop/Road-Raksha/ai_server/main.py", line 269, in generate_frames
    tracks = tracker.update_tracks(detections, frame=frame)
  File "/Users/madhavsamalla/Library/Python/3.9/lib/python/site-packages/deep_sort_realtime/deepsort_tracker.py", line 228, in update_tracks
    self.tracker.update(detections, today=today)
  File "/Users/madhavsamalla/Library/Python/3.9/lib/python/site-packages/deep_sort_realtime/deep_sort/tracker.py", line 97, in update
    matches, unmatched_tracks, unmatched_detections = self._match(detections)
  File "/Users/madhavsamalla/Library/Python/3.9/lib/python/site-packages/deep_sort_realtime/deep_sort/tracker.py", line 151, in _match
    ) = linear_assignment.matching_cascade(
  File "/Users/madhavsamalla/Library/Python/3.9/lib/python/site-packages/deep_sort_realtime/deep_sort/linear_assignment.py", line 147, in matching_cascade
    matches_l, _, unmatched_detections = min_cost_matching(
  File "/Users/madhavsamalla/Library/Python/3.9/lib/python/site-packages/deep_sort_realtime/deep_sort/linear_assignment.py", line 62, in min_cost_matching
    cost_matrix = distance_metric(tracks, detections, track_indices, detection_indices)
  File "/Users/madhavsamalla/Library/Python/3.9/lib/python/site-packages/deep_sort_realtime/deep_sort/tracker.py", line 133, in gated_metric
    cost_matrix = self.metric.distance(features, targets)
  File "/Users/madhavsamalla/Library/Python/3.9/lib/python/site-packages/deep_sort_realtime/deep_sort/nn_matching.py", line 174, in distance
    cost_matrix[i, :] = self._metric(self.samples[target], features)
  File "/Users/madhavsamalla/Library/Python/3.9/lib/python/site-packages/deep_sort_realtime/deep_sort/nn_matching.py", line 95, in _nn_cosine_distance
    distances = _cosine_distance(x, y)
  File "/Users/madhavsamalla/Library/Python/3.9/lib/python/site-packages/deep_sort_realtime/deep_sort/nn_matching.py", line 52, in _cosine_distance
    a = np.asarray(a) / np.linalg.norm(a, axis=1, keepdims=True)
ValueError: operands could not be broadcast together with shapes (2741,1280) (2743,1) 

Error in loop: operands could not be broadcast together with shapes (37,1280) (39,1) 
Traceback (most recent call last):
  File "/Users/madhavsamalla/Desktop/Road-Raksha/ai_server/main.py", line 286, in generate_frames
    tracks = tracker.update_tracks(detections, frame=frame)
  File "/Users/madhavsamalla/Library/Python/3.9/lib/python/site-packages/deep_sort_realtime/deepsort_tracker.py", line 228, in update_tracks
    self.tracker.update(detections, today=today)
  File "/Users/madhavsamalla/Library/Python/3.9/lib/python/site-packages/deep_sort_realtime/deep_sort/tracker.py", line 97, in update
    matches, unmatched_tracks, unmatched_detections = self._match(detections)
  File "/Users/madhavsamalla/Library/Python/3.9/lib/python/site-packages/deep_sort_realtime/deep_sort/tracker.py", line 151, in _match
    ) = linear_assignment.matching_cascade(
  File "/Users/madhavsamalla/Library/Python/3.9/lib/python/site-packages/deep_sort_realtime/deep_sort/linear_assignment.py", line 147, in matching_cascade
    matches_l, _, unmatched_detections = min_cost_matching(
  File "/Users/madhavsamalla/Library/Python/3.9/lib/python/site-packages/deep_sort_realtime/deep_sort/linear_assignment.py", line 62, in min_cost_matching
    cost_matrix = distance_metric(tracks, detections, track_indices, detection_indices)
  File "/Users/madhavsamalla/Library/Python/3.9/lib/python/site-packages/deep_sort_realtime/deep_sort/tracker.py", line 133, in gated_metric
    cost_matrix = self.metric.distance(features, targets)
  File "/Users/madhavsamalla/Library/Python/3.9/lib/python/site-packages/deep_sort_realtime/deep_sort/nn_matching.py", line 174, in distance
    cost_matrix[i, :] = self._metric(self.samples[target], features)
  File "/Users/madhavsamalla/Library/Python/3.9/lib/python/site-packages/deep_sort_realtime/deep_sort/nn_matching.py", line 95, in _nn_cosine_distance
    distances = _cosine_distance(x, y)
  File "/Users/madhavsamalla/Library/Python/3.9/lib/python/site-packages/deep_sort_realtime/deep_sort/nn_matching.py", line 52, in _cosine_distance
    a = np.asarray(a) / np.linalg.norm(a, axis=1, keepdims=True)
ValueError: operands could not be broadcast together with shapes (37,1280) (39,1) 

Error in loop: operands could not be broadcast together with shapes (471,1280) (473,1) 
Traceback (most recent call last):
  File "/Users/madhavsamalla/Desktop/Road-Raksha/ai_server/main.py", line 286, in generate_frames
    tracks = tracker.update_tracks(detections, frame=frame)
  File "/Users/madhavsamalla/Library/Python/3.9/lib/python/site-packages/deep_sort_realtime/deepsort_tracker.py", line 228, in update_tracks
    self.tracker.update(detections, today=today)
  File "/Users/madhavsamalla/Library/Python/3.9/lib/python/site-packages/deep_sort_realtime/deep_sort/tracker.py", line 97, in update
    matches, unmatched_tracks, unmatched_detections = self._match(detections)
  File "/Users/madhavsamalla/Library/Python/3.9/lib/python/site-packages/deep_sort_realtime/deep_sort/tracker.py", line 151, in _match
    ) = linear_assignment.matching_cascade(
  File "/Users/madhavsamalla/Library/Python/3.9/lib/python/site-packages/deep_sort_realtime/deep_sort/linear_assignment.py", line 147, in matching_cascade
    matches_l, _, unmatched_detections = min_cost_matching(
  File "/Users/madhavsamalla/Library/Python/3.9/lib/python/site-packages/deep_sort_realtime/deep_sort/linear_assignment.py", line 62, in min_cost_matching
    cost_matrix = distance_metric(tracks, detections, track_indices, detection_indices)
  File "/Users/madhavsamalla/Library/Python/3.9/lib/python/site-packages/deep_sort_realtime/deep_sort/tracker.py", line 133, in gated_metric
    cost_matrix = self.metric.distance(features, targets)
  File "/Users/madhavsamalla/Library/Python/3.9/lib/python/site-packages/deep_sort_realtime/deep_sort/nn_matching.py", line 174, in distance
    cost_matrix[i, :] = self._metric(self.samples[target], features)
  File "/Users/madhavsamalla/Library/Python/3.9/lib/python/site-packages/deep_sort_realtime/deep_sort/nn_matching.py", line 95, in _nn_cosine_distance
    distances = _cosine_distance(x, y)
  File "/Users/madhavsamalla/Library/Python/3.9/lib/python/site-packages/deep_sort_realtime/deep_sort/nn_matching.py", line 52, in _cosine_distance
    a = np.asarray(a) / np.linalg.norm(a, axis=1, keepdims=True)
ValueError: operands could not be broadcast together with shapes (471,1280) (473,1) 

Error in loop: operands could not be broadcast together with shapes (631,1280) (633,1) 
Traceback (most recent call last):
  File "/Users/madhavsamalla/Desktop/Road-Raksha/ai_server/main.py", line 286, in generate_frames
    tracks = tracker.update_tracks(detections, frame=frame)
  File "/Users/madhavsamalla/Library/Python/3.9/lib/python/site-packages/deep_sort_realtime/deepsort_tracker.py", line 228, in update_tracks
    self.tracker.update(detections, today=today)
  File "/Users/madhavsamalla/Library/Python/3.9/lib/python/site-packages/deep_sort_realtime/deep_sort/tracker.py", line 97, in update
    matches, unmatched_tracks, unmatched_detections = self._match(detections)
  File "/Users/madhavsamalla/Library/Python/3.9/lib/python/site-packages/deep_sort_realtime/deep_sort/tracker.py", line 151, in _match
    ) = linear_assignment.matching_cascade(
  File "/Users/madhavsamalla/Library/Python/3.9/lib/python/site-packages/deep_sort_realtime/deep_sort/linear_assignment.py", line 147, in matching_cascade
    matches_l, _, unmatched_detections = min_cost_matching(
  File "/Users/madhavsamalla/Library/Python/3.9/lib/python/site-packages/deep_sort_realtime/deep_sort/linear_assignment.py", line 62, in min_cost_matching
    cost_matrix = distance_metric(tracks, detections, track_indices, detection_indices)
  File "/Users/madhavsamalla/Library/Python/3.9/lib/python/site-packages/deep_sort_realtime/deep_sort/tracker.py", line 133, in gated_metric
    cost_matrix = self.metric.distance(features, targets)
  File "/Users/madhavsamalla/Library/Python/3.9/lib/python/site-packages/deep_sort_realtime/deep_sort/nn_matching.py", line 174, in distance
    cost_matrix[i, :] = self._metric(self.samples[target], features)
  File "/Users/madhavsamalla/Library/Python/3.9/lib/python/site-packages/deep_sort_realtime/deep_sort/nn_matching.py", line 95, in _nn_cosine_distance
    distances = _cosine_distance(x, y)
  File "/Users/madhavsamalla/Library/Python/3.9/lib/python/site-packages/deep_sort_realtime/deep_sort/nn_matching.py", line 52, in _cosine_distance
    a = np.asarray(a) / np.linalg.norm(a, axis=1, keepdims=True)
ValueError: operands could not be broadcast together with shapes (631,1280) (633,1) 

Error in loop: operands could not be broadcast together with shapes (1145,1280) (1147,1) 
Traceback (most recent call last):
  File "/Users/madhavsamalla/Desktop/Road-Raksha/ai_server/main.py", line 286, in generate_frames
    tracks = tracker.update_tracks(detections, frame=frame)
  File "/Users/madhavsamalla/Library/Python/3.9/lib/python/site-packages/deep_sort_realtime/deepsort_tracker.py", line 228, in update_tracks
    self.tracker.update(detections, today=today)
  File "/Users/madhavsamalla/Library/Python/3.9/lib/python/site-packages/deep_sort_realtime/deep_sort/tracker.py", line 97, in update
    matches, unmatched_tracks, unmatched_detections = self._match(detections)
  File "/Users/madhavsamalla/Library/Python/3.9/lib/python/site-packages/deep_sort_realtime/deep_sort/tracker.py", line 151, in _match
    ) = linear_assignment.matching_cascade(
  File "/Users/madhavsamalla/Library/Python/3.9/lib/python/site-packages/deep_sort_realtime/deep_sort/linear_assignment.py", line 147, in matching_cascade
    matches_l, _, unmatched_detections = min_cost_matching(
  File "/Users/madhavsamalla/Library/Python/3.9/lib/python/site-packages/deep_sort_realtime/deep_sort/linear_assignment.py", line 62, in min_cost_matching
    cost_matrix = distance_metric(tracks, detections, track_indices, detection_indices)
  File "/Users/madhavsamalla/Library/Python/3.9/lib/python/site-packages/deep_sort_realtime/deep_sort/tracker.py", line 133, in gated_metric
    cost_matrix = self.metric.distance(features, targets)
  File "/Users/madhavsamalla/Library/Python/3.9/lib/python/site-packages/deep_sort_realtime/deep_sort/nn_matching.py", line 174, in distance
    cost_matrix[i, :] = self._metric(self.samples[target], features)
  File "/Users/madhavsamalla/Library/Python/3.9/lib/python/site-packages/deep_sort_realtime/deep_sort/nn_matching.py", line 95, in _nn_cosine_distance
    distances = _cosine_distance(x, y)
  File "/Users/madhavsamalla/Library/Python/3.9/lib/python/site-packages/deep_sort_realtime/deep_sort/nn_matching.py", line 52, in _cosine_distance
    a = np.asarray(a) / np.linalg.norm(a, axis=1, keepdims=True)
ValueError: operands could not be broadcast together with shapes (1145,1280) (1147,1) 

Error in loop: operands could not be broadcast together with shapes (1175,1280) (1177,1) 
Traceback (most recent call last):
  File "/Users/madhavsamalla/Desktop/Road-Raksha/ai_server/main.py", line 286, in generate_frames
    tracks = tracker.update_tracks(detections, frame=frame)
  File "/Users/madhavsamalla/Library/Python/3.9/lib/python/site-packages/deep_sort_realtime/deepsort_tracker.py", line 228, in update_tracks
    self.tracker.update(detections, today=today)
  File "/Users/madhavsamalla/Library/Python/3.9/lib/python/site-packages/deep_sort_realtime/deep_sort/tracker.py", line 97, in update
    matches, unmatched_tracks, unmatched_detections = self._match(detections)
  File "/Users/madhavsamalla/Library/Python/3.9/lib/python/site-packages/deep_sort_realtime/deep_sort/tracker.py", line 151, in _match
    ) = linear_assignment.matching_cascade(
  File "/Users/madhavsamalla/Library/Python/3.9/lib/python/site-packages/deep_sort_realtime/deep_sort/linear_assignment.py", line 147, in matching_cascade
    matches_l, _, unmatched_detections = min_cost_matching(
  File "/Users/madhavsamalla/Library/Python/3.9/lib/python/site-packages/deep_sort_realtime/deep_sort/linear_assignment.py", line 62, in min_cost_matching
    cost_matrix = distance_metric(tracks, detections, track_indices, detection_indices)
  File "/Users/madhavsamalla/Library/Python/3.9/lib/python/site-packages/deep_sort_realtime/deep_sort/tracker.py", line 133, in gated_metric
    cost_matrix = self.metric.distance(features, targets)
  File "/Users/madhavsamalla/Library/Python/3.9/lib/python/site-packages/deep_sort_realtime/deep_sort/nn_matching.py", line 174, in distance
    cost_matrix[i, :] = self._metric(self.samples[target], features)
  File "/Users/madhavsamalla/Library/Python/3.9/lib/python/site-packages/deep_sort_realtime/deep_sort/nn_matching.py", line 95, in _nn_cosine_distance
    distances = _cosine_distance(x, y)
  File "/Users/madhavsamalla/Library/Python/3.9/lib/python/site-packages/deep_sort_realtime/deep_sort/nn_matching.py", line 52, in _cosine_distance
    a = np.asarray(a) / np.linalg.norm(a, axis=1, keepdims=True)
ValueError: operands could not be broadcast together with shapes (1175,1280) (1177,1) 

Error in loop: operands could not be broadcast together with shapes (1443,1280) (1445,1) 
Traceback (most recent call last):
  File "/Users/madhavsamalla/Desktop/Road-Raksha/ai_server/main.py", line 286, in generate_frames
    tracks = tracker.update_tracks(detections, frame=frame)
  File "/Users/madhavsamalla/Library/Python/3.9/lib/python/site-packages/deep_sort_realtime/deepsort_tracker.py", line 228, in update_tracks
    self.tracker.update(detections, today=today)
  File "/Users/madhavsamalla/Library/Python/3.9/lib/python/site-packages/deep_sort_realtime/deep_sort/tracker.py", line 97, in update
    matches, unmatched_tracks, unmatched_detections = self._match(detections)
  File "/Users/madhavsamalla/Library/Python/3.9/lib/python/site-packages/deep_sort_realtime/deep_sort/tracker.py", line 151, in _match
    ) = linear_assignment.matching_cascade(
  File "/Users/madhavsamalla/Library/Python/3.9/lib/python/site-packages/deep_sort_realtime/deep_sort/linear_assignment.py", line 147, in matching_cascade
    matches_l, _, unmatched_detections = min_cost_matching(
  File "/Users/madhavsamalla/Library/Python/3.9/lib/python/site-packages/deep_sort_realtime/deep_sort/linear_assignment.py", line 62, in min_cost_matching
    cost_matrix = distance_metric(tracks, detections, track_indices, detection_indices)
  File "/Users/madhavsamalla/Library/Python/3.9/lib/python/site-packages/deep_sort_realtime/deep_sort/tracker.py", line 133, in gated_metric
    cost_matrix = self.metric.distance(features, targets)
  File "/Users/madhavsamalla/Library/Python/3.9/lib/python/site-packages/deep_sort_realtime/deep_sort/nn_matching.py", line 174, in distance
    cost_matrix[i, :] = self._metric(self.samples[target], features)
  File "/Users/madhavsamalla/Library/Python/3.9/lib/python/site-packages/deep_sort_realtime/deep_sort/nn_matching.py", line 95, in _nn_cosine_distance
    distances = _cosine_distance(x, y)
  File "/Users/madhavsamalla/Library/Python/3.9/lib/python/site-packages/deep_sort_realtime/deep_sort/nn_matching.py", line 52, in _cosine_distance
    a = np.asarray(a) / np.linalg.norm(a, axis=1, keepdims=True)
ValueError: operands could not be broadcast together with shapes (1443,1280) (1445,1) 

Error in loop: operands could not be broadcast together with shapes (261,1280) (263,1) 
Traceback (most recent call last):
  File "/Users/madhavsamalla/Desktop/Road-Raksha/ai_server/main.py", line 286, in generate_frames
    tracks = tracker.update_tracks(detections, frame=frame)
  File "/Users/madhavsamalla/Library/Python/3.9/lib/python/site-packages/deep_sort_realtime/deepsort_tracker.py", line 228, in update_tracks
    self.tracker.update(detections, today=today)
  File "/Users/madhavsamalla/Library/Python/3.9/lib/python/site-packages/deep_sort_realtime/deep_sort/tracker.py", line 97, in update
    matches, unmatched_tracks, unmatched_detections = self._match(detections)
  File "/Users/madhavsamalla/Library/Python/3.9/lib/python/site-packages/deep_sort_realtime/deep_sort/tracker.py", line 151, in _match
    ) = linear_assignment.matching_cascade(
  File "/Users/madhavsamalla/Library/Python/3.9/lib/python/site-packages/deep_sort_realtime/deep_sort/linear_assignment.py", line 147, in matching_cascade
    matches_l, _, unmatched_detections = min_cost_matching(
  File "/Users/madhavsamalla/Library/Python/3.9/lib/python/site-packages/deep_sort_realtime/deep_sort/linear_assignment.py", line 62, in min_cost_matching
    cost_matrix = distance_metric(tracks, detections, track_indices, detection_indices)
  File "/Users/madhavsamalla/Library/Python/3.9/lib/python/site-packages/deep_sort_realtime/deep_sort/tracker.py", line 133, in gated_metric
    cost_matrix = self.metric.distance(features, targets)
  File "/Users/madhavsamalla/Library/Python/3.9/lib/python/site-packages/deep_sort_realtime/deep_sort/nn_matching.py", line 174, in distance
    cost_matrix[i, :] = self._metric(self.samples[target], features)
  File "/Users/madhavsamalla/Library/Python/3.9/lib/python/site-packages/deep_sort_realtime/deep_sort/nn_matching.py", line 95, in _nn_cosine_distance
    distances = _cosine_distance(x, y)
  File "/Users/madhavsamalla/Library/Python/3.9/lib/python/site-packages/deep_sort_realtime/deep_sort/nn_matching.py", line 52, in _cosine_distance
    a = np.asarray(a) / np.linalg.norm(a, axis=1, keepdims=True)
ValueError: operands could not be broadcast together with shapes (261,1280) (263,1) 

Error in loop: operands could not be broadcast together with shapes (1703,1280) (1705,1) 
Traceback (most recent call last):
  File "/Users/madhavsamalla/Desktop/Road-Raksha/ai_server/main.py", line 286, in generate_frames
    tracks = tracker.update_tracks(detections, frame=frame)
  File "/Users/madhavsamalla/Library/Python/3.9/lib/python/site-packages/deep_sort_realtime/deepsort_tracker.py", line 228, in update_tracks
    self.tracker.update(detections, today=today)
  File "/Users/madhavsamalla/Library/Python/3.9/lib/python/site-packages/deep_sort_realtime/deep_sort/tracker.py", line 97, in update
    matches, unmatched_tracks, unmatched_detections = self._match(detections)
  File "/Users/madhavsamalla/Library/Python/3.9/lib/python/site-packages/deep_sort_realtime/deep_sort/tracker.py", line 151, in _match
    ) = linear_assignment.matching_cascade(
  File "/Users/madhavsamalla/Library/Python/3.9/lib/python/site-packages/deep_sort_realtime/deep_sort/linear_assignment.py", line 147, in matching_cascade
    matches_l, _, unmatched_detections = min_cost_matching(
  File "/Users/madhavsamalla/Library/Python/3.9/lib/python/site-packages/deep_sort_realtime/deep_sort/linear_assignment.py", line 62, in min_cost_matching
    cost_matrix = distance_metric(tracks, detections, track_indices, detection_indices)
  File "/Users/madhavsamalla/Library/Python/3.9/lib/python/site-packages/deep_sort_realtime/deep_sort/tracker.py", line 133, in gated_metric
    cost_matrix = self.metric.distance(features, targets)
  File "/Users/madhavsamalla/Library/Python/3.9/lib/python/site-packages/deep_sort_realtime/deep_sort/nn_matching.py", line 174, in distance
    cost_matrix[i, :] = self._metric(self.samples[target], features)
  File "/Users/madhavsamalla/Library/Python/3.9/lib/python/site-packages/deep_sort_realtime/deep_sort/nn_matching.py", line 95, in _nn_cosine_distance
    distances = _cosine_distance(x, y)
  File "/Users/madhavsamalla/Library/Python/3.9/lib/python/site-packages/deep_sort_realtime/deep_sort/nn_matching.py", line 52, in _cosine_distance
    a = np.asarray(a) / np.linalg.norm(a, axis=1, keepdims=True)
ValueError: operands could not be broadcast together with shapes (1703,1280) (1705,1) 

Error in loop: list index out of range
Traceback (most recent call last):
  File "/Users/madhavsamalla/Desktop/Road-Raksha/ai_server/main.py", line 286, in generate_frames
    tracks = tracker.update_tracks(detections, frame=frame)
  File "/Users/madhavsamalla/Library/Python/3.9/lib/python/site-packages/deep_sort_realtime/deepsort_tracker.py", line 228, in update_tracks
    self.tracker.update(detections, today=today)
  File "/Users/madhavsamalla/Library/Python/3.9/lib/python/site-packages/deep_sort_realtime/deep_sort/tracker.py", line 103, in update
    self.tracks[track_idx].mark_missed()
IndexError: list index out of range

Error in loop: operands could not be broadcast together with shapes (150,1280) (152,1) 
Traceback (most recent call last):
  File "/Users/madhavsamalla/Desktop/Road-Raksha/ai_server/main.py", line 286, in generate_frames
    tracks = tracker.update_tracks(detections, frame=frame)
  File "/Users/madhavsamalla/Library/Python/3.9/lib/python/site-packages/deep_sort_realtime/deepsort_tracker.py", line 228, in update_tracks
    self.tracker.update(detections, today=today)
  File "/Users/madhavsamalla/Library/Python/3.9/lib/python/site-packages/deep_sort_realtime/deep_sort/tracker.py", line 97, in update
    matches, unmatched_tracks, unmatched_detections = self._match(detections)
  File "/Users/madhavsamalla/Library/Python/3.9/lib/python/site-packages/deep_sort_realtime/deep_sort/tracker.py", line 151, in _match
    ) = linear_assignment.matching_cascade(
  File "/Users/madhavsamalla/Library/Python/3.9/lib/python/site-packages/deep_sort_realtime/deep_sort/linear_assignment.py", line 147, in matching_cascade
    matches_l, _, unmatched_detections = min_cost_matching(
  File "/Users/madhavsamalla/Library/Python/3.9/lib/python/site-packages/deep_sort_realtime/deep_sort/linear_assignment.py", line 62, in min_cost_matching
    cost_matrix = distance_metric(tracks, detections, track_indices, detection_indices)
  File "/Users/madhavsamalla/Library/Python/3.9/lib/python/site-packages/deep_sort_realtime/deep_sort/tracker.py", line 133, in gated_metric
    cost_matrix = self.metric.distance(features, targets)
  File "/Users/madhavsamalla/Library/Python/3.9/lib/python/site-packages/deep_sort_realtime/deep_sort/nn_matching.py", line 174, in distance
    cost_matrix[i, :] = self._metric(self.samples[target], features)
  File "/Users/madhavsamalla/Library/Python/3.9/lib/python/site-packages/deep_sort_realtime/deep_sort/nn_matching.py", line 95, in _nn_cosine_distance
    distances = _cosine_distance(x, y)
  File "/Users/madhavsamalla/Library/Python/3.9/lib/python/site-packages/deep_sort_realtime/deep_sort/nn_matching.py", line 52, in _cosine_distance
    a = np.asarray(a) / np.linalg.norm(a, axis=1, keepdims=True)
ValueError: operands could not be broadcast together with shapes (150,1280) (152,1) 

Error in loop: list index out of range
Traceback (most recent call last):
  File "/Users/madhavsamalla/Desktop/Road-Raksha/ai_server/main.py", line 286, in generate_frames
    tracks = tracker.update_tracks(detections, frame=frame)
  File "/Users/madhavsamalla/Library/Python/3.9/lib/python/site-packages/deep_sort_realtime/deepsort_tracker.py", line 228, in update_tracks
    self.tracker.update(detections, today=today)
  File "/Users/madhavsamalla/Library/Python/3.9/lib/python/site-packages/deep_sort_realtime/deep_sort/tracker.py", line 103, in update
    self.tracks[track_idx].mark_missed()
IndexError: list index out of range

Error in loop: list index out of range
Traceback (most recent call last):
  File "/Users/madhavsamalla/Desktop/Road-Raksha/ai_server/main.py", line 286, in generate_frames
    tracks = tracker.update_tracks(detections, frame=frame)
  File "/Users/madhavsamalla/Library/Python/3.9/lib/python/site-packages/deep_sort_realtime/deepsort_tracker.py", line 228, in update_tracks
    self.tracker.update(detections, today=today)
  File "/Users/madhavsamalla/Library/Python/3.9/lib/python/site-packages/deep_sort_realtime/deep_sort/tracker.py", line 103, in update
    self.tracks[track_idx].mark_missed()
IndexError: list index out of range

Error in loop: operands could not be broadcast together with shapes (1874,1280) (1876,1) 
Traceback (most recent call last):
  File "/Users/madhavsamalla/Desktop/Road-Raksha/ai_server/main.py", line 286, in generate_frames
    tracks = tracker.update_tracks(detections, frame=frame)
  File "/Users/madhavsamalla/Library/Python/3.9/lib/python/site-packages/deep_sort_realtime/deepsort_tracker.py", line 228, in update_tracks
    self.tracker.update(detections, today=today)
  File "/Users/madhavsamalla/Library/Python/3.9/lib/python/site-packages/deep_sort_realtime/deep_sort/tracker.py", line 97, in update
    matches, unmatched_tracks, unmatched_detections = self._match(detections)
  File "/Users/madhavsamalla/Library/Python/3.9/lib/python/site-packages/deep_sort_realtime/deep_sort/tracker.py", line 151, in _match
    ) = linear_assignment.matching_cascade(
  File "/Users/madhavsamalla/Library/Python/3.9/lib/python/site-packages/deep_sort_realtime/deep_sort/linear_assignment.py", line 147, in matching_cascade
    matches_l, _, unmatched_detections = min_cost_matching(
  File "/Users/madhavsamalla/Library/Python/3.9/lib/python/site-packages/deep_sort_realtime/deep_sort/linear_assignment.py", line 62, in min_cost_matching
    cost_matrix = distance_metric(tracks, detections, track_indices, detection_indices)
  File "/Users/madhavsamalla/Library/Python/3.9/lib/python/site-packages/deep_sort_realtime/deep_sort/tracker.py", line 133, in gated_metric
    cost_matrix = self.metric.distance(features, targets)
  File "/Users/madhavsamalla/Library/Python/3.9/lib/python/site-packages/deep_sort_realtime/deep_sort/nn_matching.py", line 174, in distance
    cost_matrix[i, :] = self._metric(self.samples[target], features)
  File "/Users/madhavsamalla/Library/Python/3.9/lib/python/site-packages/deep_sort_realtime/deep_sort/nn_matching.py", line 95, in _nn_cosine_distance
    distances = _cosine_distance(x, y)
  File "/Users/madhavsamalla/Library/Python/3.9/lib/python/site-packages/deep_sort_realtime/deep_sort/nn_matching.py", line 52, in _cosine_distance
    a = np.asarray(a) / np.linalg.norm(a, axis=1, keepdims=True)
ValueError: operands could not be broadcast together with shapes (1874,1280) (1876,1) 

Error in loop: operands could not be broadcast together with shapes (1890,1280) (1892,1) 
Traceback (most recent call last):
  File "/Users/madhavsamalla/Desktop/Road-Raksha/ai_server/main.py", line 286, in generate_frames
    tracks = tracker.update_tracks(detections, frame=frame)
  File "/Users/madhavsamalla/Library/Python/3.9/lib/python/site-packages/deep_sort_realtime/deepsort_tracker.py", line 228, in update_tracks
    self.tracker.update(detections, today=today)
  File "/Users/madhavsamalla/Library/Python/3.9/lib/python/site-packages/deep_sort_realtime/deep_sort/tracker.py", line 97, in update
    matches, unmatched_tracks, unmatched_detections = self._match(detections)
  File "/Users/madhavsamalla/Library/Python/3.9/lib/python/site-packages/deep_sort_realtime/deep_sort/tracker.py", line 151, in _match
    ) = linear_assignment.matching_cascade(
  File "/Users/madhavsamalla/Library/Python/3.9/lib/python/site-packages/deep_sort_realtime/deep_sort/linear_assignment.py", line 147, in matching_cascade
    matches_l, _, unmatched_detections = min_cost_matching(
  File "/Users/madhavsamalla/Library/Python/3.9/lib/python/site-packages/deep_sort_realtime/deep_sort/linear_assignment.py", line 62, in min_cost_matching
    cost_matrix = distance_metric(tracks, detections, track_indices, detection_indices)
  File "/Users/madhavsamalla/Library/Python/3.9/lib/python/site-packages/deep_sort_realtime/deep_sort/tracker.py", line 133, in gated_metric
    cost_matrix = self.metric.distance(features, targets)
  File "/Users/madhavsamalla/Library/Python/3.9/lib/python/site-packages/deep_sort_realtime/deep_sort/nn_matching.py", line 174, in distance
    cost_matrix[i, :] = self._metric(self.samples[target], features)
  File "/Users/madhavsamalla/Library/Python/3.9/lib/python/site-packages/deep_sort_realtime/deep_sort/nn_matching.py", line 95, in _nn_cosine_distance
    distances = _cosine_distance(x, y)
  File "/Users/madhavsamalla/Library/Python/3.9/lib/python/site-packages/deep_sort_realtime/deep_sort/nn_matching.py", line 52, in _cosine_distance
    a = np.asarray(a) / np.linalg.norm(a, axis=1, keepdims=True)
ValueError: operands could not be broadcast together with shapes (1890,1280) (1892,1) 

Error in loop: list index out of range
Traceback (most recent call last):
  File "/Users/madhavsamalla/Desktop/Road-Raksha/ai_server/main.py", line 286, in generate_frames
    tracks = tracker.update_tracks(detections, frame=frame)
  File "/Users/madhavsamalla/Library/Python/3.9/lib/python/site-packages/deep_sort_realtime/deepsort_tracker.py", line 228, in update_tracks
    self.tracker.update(detections, today=today)
  File "/Users/madhavsamalla/Library/Python/3.9/lib/python/site-packages/deep_sort_realtime/deep_sort/tracker.py", line 97, in update
    matches, unmatched_tracks, unmatched_detections = self._match(detections)
  File "/Users/madhavsamalla/Library/Python/3.9/lib/python/site-packages/deep_sort_realtime/deep_sort/tracker.py", line 171, in _match
    ) = linear_assignment.min_cost_matching(
  File "/Users/madhavsamalla/Library/Python/3.9/lib/python/site-packages/deep_sort_realtime/deep_sort/linear_assignment.py", line 62, in min_cost_matching
    cost_matrix = distance_metric(tracks, detections, track_indices, detection_indices)
  File "/Users/madhavsamalla/Library/Python/3.9/lib/python/site-packages/deep_sort_realtime/deep_sort/iou_matching.py", line 79, in iou_cost
    if tracks[track_idx].time_since_update > 1:
IndexError: list index out of range

Error in loop: operands could not be broadcast together with shapes (2084,1280) (2086,1) 
Traceback (most recent call last):
  File "/Users/madhavsamalla/Desktop/Road-Raksha/ai_server/main.py", line 286, in generate_frames
    tracks = tracker.update_tracks(detections, frame=frame)
  File "/Users/madhavsamalla/Library/Python/3.9/lib/python/site-packages/deep_sort_realtime/deepsort_tracker.py", line 228, in update_tracks
    self.tracker.update(detections, today=today)
  File "/Users/madhavsamalla/Library/Python/3.9/lib/python/site-packages/deep_sort_realtime/deep_sort/tracker.py", line 97, in update
    matches, unmatched_tracks, unmatched_detections = self._match(detections)
  File "/Users/madhavsamalla/Library/Python/3.9/lib/python/site-packages/deep_sort_realtime/deep_sort/tracker.py", line 151, in _match
    ) = linear_assignment.matching_cascade(
  File "/Users/madhavsamalla/Library/Python/3.9/lib/python/site-packages/deep_sort_realtime/deep_sort/linear_assignment.py", line 147, in matching_cascade
    matches_l, _, unmatched_detections = min_cost_matching(
  File "/Users/madhavsamalla/Library/Python/3.9/lib/python/site-packages/deep_sort_realtime/deep_sort/linear_assignment.py", line 62, in min_cost_matching
    cost_matrix = distance_metric(tracks, detections, track_indices, detection_indices)
  File "/Users/madhavsamalla/Library/Python/3.9/lib/python/site-packages/deep_sort_realtime/deep_sort/tracker.py", line 133, in gated_metric
    cost_matrix = self.metric.distance(features, targets)
  File "/Users/madhavsamalla/Library/Python/3.9/lib/python/site-packages/deep_sort_realtime/deep_sort/nn_matching.py", line 174, in distance
    cost_matrix[i, :] = self._metric(self.samples[target], features)
  File "/Users/madhavsamalla/Library/Python/3.9/lib/python/site-packages/deep_sort_realtime/deep_sort/nn_matching.py", line 95, in _nn_cosine_distance
    distances = _cosine_distance(x, y)
  File "/Users/madhavsamalla/Library/Python/3.9/lib/python/site-packages/deep_sort_realtime/deep_sort/nn_matching.py", line 52, in _cosine_distance
    a = np.asarray(a) / np.linalg.norm(a, axis=1, keepdims=True)
ValueError: operands could not be broadcast together with shapes (2084,1280) (2086,1) 

Error in loop: operands could not be broadcast together with shapes (2224,1280) (2226,1) 
Traceback (most recent call last):
  File "/Users/madhavsamalla/Desktop/Road-Raksha/ai_server/main.py", line 286, in generate_frames
    tracks = tracker.update_tracks(detections, frame=frame)
  File "/Users/madhavsamalla/Library/Python/3.9/lib/python/site-packages/deep_sort_realtime/deepsort_tracker.py", line 228, in update_tracks
    self.tracker.update(detections, today=today)
  File "/Users/madhavsamalla/Library/Python/3.9/lib/python/site-packages/deep_sort_realtime/deep_sort/tracker.py", line 97, in update
    matches, unmatched_tracks, unmatched_detections = self._match(detections)
  File "/Users/madhavsamalla/Library/Python/3.9/lib/python/site-packages/deep_sort_realtime/deep_sort/tracker.py", line 151, in _match
    ) = linear_assignment.matching_cascade(
  File "/Users/madhavsamalla/Library/Python/3.9/lib/python/site-packages/deep_sort_realtime/deep_sort/linear_assignment.py", line 147, in matching_cascade
    matches_l, _, unmatched_detections = min_cost_matching(
  File "/Users/madhavsamalla/Library/Python/3.9/lib/python/site-packages/deep_sort_realtime/deep_sort/linear_assignment.py", line 62, in min_cost_matching
    cost_matrix = distance_metric(tracks, detections, track_indices, detection_indices)
  File "/Users/madhavsamalla/Library/Python/3.9/lib/python/site-packages/deep_sort_realtime/deep_sort/tracker.py", line 133, in gated_metric
    cost_matrix = self.metric.distance(features, targets)
  File "/Users/madhavsamalla/Library/Python/3.9/lib/python/site-packages/deep_sort_realtime/deep_sort/nn_matching.py", line 174, in distance
    cost_matrix[i, :] = self._metric(self.samples[target], features)
  File "/Users/madhavsamalla/Library/Python/3.9/lib/python/site-packages/deep_sort_realtime/deep_sort/nn_matching.py", line 95, in _nn_cosine_distance
    distances = _cosine_distance(x, y)
  File "/Users/madhavsamalla/Library/Python/3.9/lib/python/site-packages/deep_sort_realtime/deep_sort/nn_matching.py", line 52, in _cosine_distance
    a = np.asarray(a) / np.linalg.norm(a, axis=1, keepdims=True)
ValueError: operands could not be broadcast together with shapes (2224,1280) (2226,1) 

Error in loop: operands could not be broadcast together with shapes (2446,1280) (2448,1) 
Traceback (most recent call last):
  File "/Users/madhavsamalla/Desktop/Road-Raksha/ai_server/main.py", line 286, in generate_frames
    tracks = tracker.update_tracks(detections, frame=frame)
  File "/Users/madhavsamalla/Library/Python/3.9/lib/python/site-packages/deep_sort_realtime/deepsort_tracker.py", line 228, in update_tracks
    self.tracker.update(detections, today=today)
  File "/Users/madhavsamalla/Library/Python/3.9/lib/python/site-packages/deep_sort_realtime/deep_sort/tracker.py", line 97, in update
    matches, unmatched_tracks, unmatched_detections = self._match(detections)
  File "/Users/madhavsamalla/Library/Python/3.9/lib/python/site-packages/deep_sort_realtime/deep_sort/tracker.py", line 151, in _match
    ) = linear_assignment.matching_cascade(
  File "/Users/madhavsamalla/Library/Python/3.9/lib/python/site-packages/deep_sort_realtime/deep_sort/linear_assignment.py", line 147, in matching_cascade
    matches_l, _, unmatched_detections = min_cost_matching(
  File "/Users/madhavsamalla/Library/Python/3.9/lib/python/site-packages/deep_sort_realtime/deep_sort/linear_assignment.py", line 62, in min_cost_matching
    cost_matrix = distance_metric(tracks, detections, track_indices, detection_indices)
  File "/Users/madhavsamalla/Library/Python/3.9/lib/python/site-packages/deep_sort_realtime/deep_sort/tracker.py", line 133, in gated_metric
    cost_matrix = self.metric.distance(features, targets)
  File "/Users/madhavsamalla/Library/Python/3.9/lib/python/site-packages/deep_sort_realtime/deep_sort/nn_matching.py", line 174, in distance
    cost_matrix[i, :] = self._metric(self.samples[target], features)
  File "/Users/madhavsamalla/Library/Python/3.9/lib/python/site-packages/deep_sort_realtime/deep_sort/nn_matching.py", line 95, in _nn_cosine_distance
    distances = _cosine_distance(x, y)
  File "/Users/madhavsamalla/Library/Python/3.9/lib/python/site-packages/deep_sort_realtime/deep_sort/nn_matching.py", line 52, in _cosine_distance
    a = np.asarray(a) / np.linalg.norm(a, axis=1, keepdims=True)
ValueError: operands could not be broadcast together with shapes (2446,1280) (2448,1) 

